1,0
1,1
1.5,1
1.5,0
2,0
2,1
2.5,1
2.5,0
3,0
3,1
3.5,1
3.5,0
4,0
4,1
4.5,1
4.5,0
5,0
5,1
5.5,1
5.5,0
6,0
6,1
6.5,1
6.5,0
7,0
7,1
7.5,1
7.5,0
8,0
8,1
8.5,1
8.5,0
9,0
9,1
9.5,1
9.5,0
10,0
10,1
10.5,1
10.5,0
11,0
11,1
11.5,1
11.5,0
12,0
12,1
12.5,1
12.5,0
13,0
13,1
13.5,1
13.5,0
14,0
14,1
14.5,1
14.5,0
15,0
15,1
15.5,1
15.5,0
16,0
16,1
16.5,1
16.5,0
17,0
17,1
17.5,1
17.5,0
18,0
18,1
18.5,1
18.5,0
19,0
19,1
19.5,1
19.5,0
20,0
20,1
20.5,1
20.5,0
21,0
21,1
21.5,1
21.5,0
22,0
22,1
22.5,1
22.5,0
23,0
23,1
23.5,1
23.5,0
24,0
24,1
24.5,1
24.5,0
25,0
25,1
25.5,1
25.5,0
26,0
26,1
26.5,1
26.5,0
27,0
27,1
27.5,1
27.5,0
28,0
28,1
28.5,1
28.5,0
29,0
29,1
29.5,1
29.5,0
30,0
30,1
30.5,1
30.5,0
31,0
31,1
31.5,1
31.5,0
32,0
32,1
32.5,1
32.5,0
33,0
33,1
33.5,1
33.5,0
34,0
34,1
34.5,1
34.5,0
35,0
35,1
35.5,1
35.5,0
36,0
36,1
36.5,1
36.5,0
37,0
37,1
37.5,1
37.5,0
38,0
38,1
38.5,1
38.5,0
39,0
39,1
39.5,1
39.5,0
40,0
40,1
40.5,1
40.5,0
41,0
41,1
41.5,1
41.5,0
42,0
42,1
42.5,1
42.5,0
43,0
43,1
43.5,1
43.5,0
44,0
44,1
44.5,1
44.5,0
45,0
45,1
45.5,1
45.5,0
46,0
46,1
46.5,1
46.5,0
47,0
47,1
47.5,1
47.5,0
48,0
48,1
48.5,1
48.5,0
49,0
49,1
49.5,1
49.5,0
50,0
50,1
50.5,1
50.5,0
51,0
51,1
51.5,1
51.5,0
52,0
52,1
52.5,1
52.5,0
53,0
53,1
53.5,1
53.5,0
54,0
54,1
54.5,1
54.5,0
55,0
55,1
55.5,1
55.5,0
56,0
56,1
56.5,1
56.5,0
57,0
57,1
57.5,1
57.5,0
58,0
58,1
58.5,1
58.5,0
59,0
59,1
59.5,1
59.5,0
60,0
60,1
60.5,1
60.5,0
61,0
61,1
61.5,1
61.5,0
62,0
62,1
62.5,1
62.5,0
63,0
63,1
63.5,1
63.5,0
64,0
64,1
64.5,1
64.5,0
65,0
65,1
65.5,1
65.5,0
66,0
66,1
66.5,1
66.5,0
67,0
67,1
67.5,1
67.5,0
68,0
68,1
68.5,1
68.5,0
69,0
69,1
69.5,1
69.5,0
70,0
70,1
70.5,1
70.5,0
71,0
71,1
71.5,1
71.5,0
72,0
72,1
72.5,1
72.5,0
73,0
73,1
73.5,1
73.5,0
74,0
74,1
74.5,1
74.5,0
75,0
75,1
75.5,1
75.5,0
76,0
76,1
76.5,1
76.5,0
77,0
77,1
77.5,1
77.5,0
78,0
78,1
78.5,1
78.5,0
79,0
79,1
79.5,1
79.5,0
80,0
80,1
80.5,1
80.5,0
81,0
81,1
81.5,1
81.5,0
82,0
82,1
82.5,1
82.5,0
83,0
83,1
83.5,1
83.5,0
84,0
84,1
84.5,1
84.5,0
85,0
85,1
85.5,1
85.5,0
86,0
86,1
86.5,1
86.5,0
87,0
87,1
87.5,1
87.5,0
88,0
88,1
88.5,1
88.5,0
89,0
89,1
89.5,1
89.5,0
90,0
90,1
90.5,1
90.5,0
91,0
91,1
91.5,1
91.5,0
92,0
92,1
92.5,1
92.5,0
93,0
93,1
93.5,1
93.5,0
94,0
94,1
94.5,1
94.5,0
95,0
95,1
95.5,1
95.5,0
96,0
96,1
96.5,1
96.5,0
97,0
97,1
97.5,1
97.5,0
98,0
98,1
98.5,1
98.5,0
99,0
99,1
99.5,1
99.5,0
100,0
100,1
100.5,1
100.5,0
101,0
101,1
101.5,1
101.5,0
102,0
102,1
102.5,1
102.5,0
103,0
103,1
103.5,1
103.5,0
104,0
104,1
104.5,1
104.5,0
105,0
105,1
105.5,1
105.5,0
106,0
106,1
106.5,1
106.5,0
107,0
107,1
107.5,1
107.5,0
108,0
108,1
108.5,1
108.5,0
109,0
109,1
109.5,1
109.5,0
110,0
110,1
110.5,1
110.5,0
111,0
111,1
111.5,1
111.5,0
112,0
112,1
112.5,1
112.5,0
113,0
113,1
113.5,1
113.5,0
114,0
114,1
114.5,1
114.5,0
115,0
115,1
115.5,1
115.5,0
116,0
116,1
116.5,1
116.5,0
117,0
117,1
117.5,1
117.5,0
118,0
118,1
118.5,1
118.5,0
119,0
119,1
119.5,1
119.5,0
120,0
120,1
120.5,1
120.5,0
121,0
121,1
121.5,1
121.5,0
122,0
122,1
122.5,1
122.5,0
123,0
123,1
123.5,1
123.5,0
124,0
124,1
124.5,1
124.5,0
125,0
125,1
125.5,1
125.5,0
126,0
126,1
126.5,1
126.5,0
127,0
127,1
127.5,1
127.5,0
128,0
128,1
128.5,1
128.5,0
129,0
129,1
129.5,1
129.5,0
130,0
130,1
130.5,1
130.5,0
131,0
131,1
131.5,1
131.5,0
132,0
132,1
132.5,1
132.5,0
133,0
133,1
133.5,1
133.5,0
134,0
134,1
134.5,1
134.5,0
135,0
135,1
135.5,1
135.5,0
136,0
136,1
136.5,1
136.5,0
137,0
137,1
137.5,1
137.5,0
138,0
138,1
138.5,1
138.5,0
139,0
139,1
139.5,1
139.5,0
140,0
140,1
140.5,1
140.5,0
141,0
141,1
141.5,1
141.5,0
142,0
142,1
142.5,1
142.5,0
143,0
143,1
143.5,1
143.5,0
144,0
144,1
144.5,1
144.5,0
145,0
145,1
145.5,1
145.5,0
146,0
146,1
146.5,1
146.5,0
147,0
147,1
147.5,1
147.5,0
148,0
148,1
148.5,1
148.5,0
149,0
149,1
149.5,1
149.5,0
150,0
150,1
150.5,1
150.5,0
151,0
151,1
151.5,1
151.5,0
152,0
152,1
152.5,1
152.5,0
153,0
153,1
153.5,1
153.5,0
154,0
154,1
154.5,1
154.5,0
155,0
155,1
155.5,1
155.5,0
156,0
156,1
156.5,1
156.5,0
157,0
157,1
157.5,1
157.5,0
158,0
158,1
158.5,1
158.5,0
159,0
159,1
159.5,1
159.5,0
160,0
160,1
160.5,1
160.5,0
161,0
161,1
161.5,1
161.5,0
162,0
162,1
162.5,1
162.5,0
163,0
163,1
163.5,1
163.5,0
164,0
164,1
164.5,1
164.5,0
165,0
165,1
165.5,1
165.5,0
166,0
166,1
166.5,1
166.5,0
167,0
167,1
167.5,1
167.5,0
168,0
168,1
168.5,1
168.5,0
169,0
169,1
169.5,1
169.5,0
170,0
170,1
170.5,1
170.5,0
171,0
171,1
171.5,1
171.5,0
172,0
172,1
172.5,1
172.5,0
173,0
173,1
173.5,1
173.5,0
174,0
174,1
174.5,1
174.5,0
175,0
175,1
175.5,1
175.5,0
176,0
176,1
176.5,1
176.5,0
177,0
177,1
177.5,1
177.5,0
178,0
178,1
178.5,1
178.5,0
179,0
179,1
179.5,1
179.5,0
180,0
180,1
180.5,1
180.5,0
181,0
181,1
181.5,1
181.5,0
182,0
182,1
182.5,1
182.5,0
183,0
183,1
183.5,1
183.5,0
184,0
184,1
184.5,1
184.5,0
185,0
185,1
185.5,1
185.5,0
186,0
186,1
186.5,1
186.5,0
187,0
187,1
187.5,1
187.5,0
188,0
188,1
188.5,1
188.5,0
189,0
189,1
189.5,1
189.5,0
190,0
190,1
190.5,1
190.5,0
191,0
191,1
191.5,1
191.5,0
192,0
192,1
192.5,1
192.5,0
193,0
193,1
193.5,1
193.5,0
194,0
194,1
194.5,1
194.5,0
195,0
195,1
195.5,1
195.5,0
196,0
196,1
196.5,1
196.5,0
197,0
197,1
197.5,1
197.5,0
198,0
198,1
198.5,1
198.5,0
199,0
199,1
199.5,1
199.5,0
200,0
200,1
200.5,1
200.5,0
201,0
201,1
201.5,1
201.5,0
202,0
202,1
202.5,1
202.5,0
203,0
203,1
203.5,1
203.5,0
204,0
204,1
204.5,1
204.5,0
205,0
205,1
205.5,1
205.5,0
206,0
206,1
206.5,1
206.5,0
207,0
207,1
207.5,1
207.5,0
208,0
208,1
208.5,1
208.5,0
209,0
209,1
209.5,1
209.5,0
210,0
210,1
210.5,1
210.5,0
211,0
211,1
211.5,1
211.5,0
212,0
212,1
212.5,1
212.5,0
213,0
213,1
213.5,1
213.5,0
214,0
214,1
214.5,1
214.5,0
215,0
215,1
215.5,1
215.5,0
216,0
216,1
216.5,1
216.5,0
217,0
217,1
217.5,1
217.5,0
218,0
218,1
218.5,1
218.5,0
219,0
219,1
219.5,1
219.5,0
220,0
220,1
220.5,1
220.5,0
221,0
221,1
221.5,1
221.5,0
222,0
222,1
222.5,1
222.5,0
223,0
223,1
223.5,1
223.5,0
224,0
224,1
224.5,1
224.5,0
225,0
225,1
225.5,1
225.5,0
226,0
226,1
226.5,1
226.5,0
227,0
227,1
227.5,1
227.5,0
228,0
228,1
228.5,1
228.5,0
229,0
229,1
229.5,1
229.5,0
230,0
230,1
230.5,1
230.5,0
231,0
231,1
231.5,1
231.5,0
232,0
232,1
232.5,1
232.5,0
233,0
233,1
233.5,1
233.5,0
234,0
234,1
234.5,1
234.5,0
235,0
235,1
235.5,1
235.5,0
236,0
236,1
236.5,1
236.5,0
237,0
237,1
237.5,1
237.5,0
238,0
238,1
238.5,1
238.5,0
239,0
239,1
239.5,1
239.5,0
240,0
240,1
240.5,1
240.5,0
241,0
241,1
241.5,1
241.5,0
242,0
242,1
242.5,1
242.5,0
243,0
243,1
243.5,1
243.5,0
244,0
244,1
244.5,1
244.5,0
245,0
245,1
245.5,1
245.5,0
246,0
246,1
246.5,1
246.5,0
247,0
247,1
247.5,1
247.5,0
248,0
248,1
248.5,1
248.5,0
249,0
249,1
249.5,1
249.5,0
250,0
250,1
250.5,1
250.5,0
251,0
251,1
251.5,1
251.5,0
252,0
252,1
252.5,1
252.5,0
253,0
253,1
253.5,1
253.5,0
254,0
254,1
254.5,1
254.5,0
255,0
255,1
255.5,1
255.5,0
256,0
256,1
256.5,1
256.5,0
257,0
257,1
257.5,1
257.5,0
258,0
258,1
258.5,1
258.5,0
259,0
259,1
259.5,1
259.5,0
260,0
260,1
260.5,1
260.5,0
261,0
261,1
261.5,1
261.5,0
262,0
262,1
262.5,1
262.5,0
263,0
263,1
263.5,1
263.5,0
264,0
264,1
264.5,1
264.5,0
265,0
265,1
265.5,1
265.5,0
266,0
266,1
266.5,1
266.5,0
267,0
267,1
267.5,1
267.5,0
268,0
268,1
268.5,1
268.5,0
269,0
269,1
269.5,1
269.5,0
270,0
270,1
270.5,1
270.5,0
271,0
271,1
271.5,1
271.5,0
272,0
272,1
272.5,1
272.5,0
273,0
273,1
273.5,1
273.5,0
274,0
274,1
274.5,1
274.5,0
275,0
275,1
275.5,1
275.5,0
276,0
276,1
276.5,1
276.5,0
277,0
277,1
277.5,1
277.5,0
278,0
278,1
278.5,1
278.5,0
279,0
279,1
279.5,1
279.5,0
280,0
280,1
280.5,1
280.5,0
281,0
281,1
281.5,1
281.5,0
282,0
282,1
282.5,1
282.5,0
283,0
283,1
283.5,1
283.5,0
284,0
284,1
284.5,1
284.5,0
285,0
285,1
285.5,1
285.5,0
286,0
286,1
286.5,1
286.5,0
287,0
287,1
287.5,1
287.5,0
288,0
288,1
288.5,1
288.5,0
289,0
289,1
289.5,1
289.5,0
290,0
290,1
290.5,1
290.5,0
291,0
291,1
291.5,1
291.5,0
292,0
292,1
292.5,1
292.5,0
293,0
293,1
293.5,1
293.5,0
294,0
294,1
294.5,1
294.5,0
295,0
295,1
295.5,1
295.5,0
296,0
296,1
296.5,1
296.5,0
297,0
297,1
297.5,1
297.5,0
298,0
298,1
298.5,1
298.5,0
299,0
299,1
299.5,1
299.5,0
300,0
300,1
300.5,1
300.5,0
301,0
301,1
301.5,1
301.5,0
302,0
302,1
302.5,1
302.5,0
303,0
303,1
303.5,1
303.5,0
304,0
304,1
304.5,1
304.5,0
305,0
305,1
305.5,1
305.5,0
306,0
306,1
306.5,1
306.5,0
307,0
307,1
307.5,1
307.5,0
308,0
308,1
308.5,1
308.5,0
309,0
309,1
309.5,1
309.5,0
310,0
310,1
310.5,1
310.5,0
311,0
311,1
311.5,1
311.5,0
312,0
312,1
312.5,1
312.5,0
313,0
313,1
313.5,1
313.5,0
314,0
314,1
314.5,1
314.5,0
315,0
315,1
315.5,1
315.5,0
316,0
316,1
316.5,1
316.5,0
317,0
317,1
317.5,1
317.5,0
318,0
318,1
318.5,1
318.5,0
319,0
319,1
319.5,1
319.5,0
320,0
320,1
320.5,1
320.5,0
321,0
321,1
321.5,1
321.5,0
322,0
322,1
322.5,1
322.5,0
323,0
323,1
323.5,1
323.5,0
324,0
324,1
324.5,1
324.5,0
325,0
325,1
325.5,1
325.5,0
326,0
326,1
326.5,1
326.5,0
327,0
327,1
327.5,1
327.5,0
328,0
328,1
328.5,1
328.5,0
329,0
329,1
329.5,1
329.5,0
330,0
330,1
330.5,1
330.5,0
331,0
331,1
331.5,1
331.5,0
332,0
332,1
332.5,1
332.5,0
333,0
333,1
333.5,1
333.5,0
334,0
334,1
334.5,1
334.5,0
335,0
335,1
335.5,1
335.5,0
336,0
336,1
336.5,1
336.5,0
337,0
337,1
337.5,1
337.5,0
338,0
338,1
338.5,1
338.5,0
339,0
339,1
339.5,1
339.5,0
340,0
340,1
340.5,1
340.5,0
341,0
341,1
341.5,1
341.5,0
342,0
342,1
342.5,1
342.5,0
343,0
343,1
343.5,1
343.5,0
344,0
344,1
344.5,1
344.5,0
345,0
345,1
345.5,1
345.5,0
346,0
346,1
346.5,1
346.5,0
347,0
347,1
347.5,1
347.5,0
348,0
348,1
348.5,1
348.5,0
349,0
349,1
349.5,1
349.5,0
350,0
350,1
350.5,1
350.5,0
351,0
351,1
351.5,1
351.5,0
352,0
352,1
352.5,1
352.5,0
353,0
353,1
353.5,1
353.5,0
354,0
354,1
354.5,1
354.5,0
355,0
355,1
355.5,1
355.5,0
356,0
356,1
356.5,1
356.5,0
357,0
357,1
357.5,1
357.5,0
358,0
358,1
358.5,1
358.5,0
359,0
359,1
359.5,1
359.5,0
360,0
360,1
360.5,1
360.5,0
361,0
361,1
361.5,1
361.5,0
362,0
362,1
362.5,1
362.5,0
363,0
363,1
363.5,1
363.5,0
364,0
364,1
364.5,1
364.5,0
365,0
365,1
365.5,1
365.5,0
366,0
366,1
366.5,1
366.5,0
367,0
367,1
367.5,1
367.5,0
368,0
368,1
368.5,1
368.5,0
369,0
369,1
369.5,1
369.5,0
370,0
370,1
370.5,1
370.5,0
371,0
371,1
371.5,1
371.5,0
372,0
372,1
372.5,1
372.5,0
373,0
373,1
373.5,1
373.5,0
374,0
374,1
374.5,1
374.5,0
375,0
375,1
375.5,1
375.5,0
376,0
376,1
376.5,1
376.5,0
377,0
377,1
377.5,1
377.5,0
378,0
378,1
378.5,1
378.5,0
379,0
379,1
379.5,1
379.5,0
380,0
380,1
380.5,1
380.5,0
381,0
381,1
381.5,1
381.5,0
382,0
382,1
382.5,1
382.5,0
383,0
383,1
383.5,1
383.5,0
384,0
384,1
384.5,1
384.5,0
385,0
385,1
385.5,1
385.5,0
386,0
386,1
386.5,1
386.5,0
387,0
387,1
387.5,1
387.5,0
388,0
388,1
388.5,1
388.5,0
389,0
389,1
389.5,1
389.5,0
390,0
390,1
390.5,1
390.5,0
391,0
391,1
391.5,1
391.5,0
392,0
392,1
392.5,1
392.5,0
393,0
393,1
393.5,1
393.5,0
394,0
394,1
394.5,1
394.5,0
395,0
395,1
395.5,1
395.5,0
396,0
396,1
396.5,1
396.5,0
397,0
397,1
397.5,1
397.5,0
398,0
398,1
398.5,1
398.5,0
399,0
399,1
399.5,1
399.5,0
400,0
400,1
400.5,1
400.5,0
401,0
401,1
401.5,1
401.5,0
402,0
402,1
402.5,1
402.5,0
403,0
403,1
403.5,1
403.5,0
404,0
404,1
404.5,1
404.5,0
405,0
405,1
405.5,1
405.5,0
406,0
406,1
406.5,1
406.5,0
407,0
407,1
407.5,1
407.5,0
408,0
408,1
408.5,1
408.5,0
409,0
409,1
409.5,1
409.5,0
410,0
410,1
410.5,1
410.5,0
411,0
411,1
411.5,1
411.5,0
412,0
412,1
412.5,1
412.5,0
413,0
413,1
413.5,1
413.5,0
414,0
414,1
414.5,1
414.5,0
415,0
415,1
415.5,1
415.5,0
416,0
416,1
416.5,1
416.5,0
417,0
417,1
417.5,1
417.5,0
418,0
418,1
418.5,1
418.5,0
419,0
419,1
419.5,1
419.5,0
420,0
420,1
420.5,1
420.5,0
421,0
421,1
421.5,1
421.5,0
422,0
422,1
422.5,1
422.5,0
423,0
423,1
423.5,1
423.5,0
424,0
424,1
424.5,1
424.5,0
425,0
425,1
425.5,1
425.5,0
426,0
426,1
426.5,1
426.5,0
427,0
427,1
427.5,1
427.5,0
428,0
428,1
428.5,1
428.5,0
429,0
429,1
429.5,1
429.5,0
430,0
430,1
430.5,1
430.5,0
431,0
431,1
431.5,1
431.5,0
432,0
432,1
432.5,1
432.5,0
433,0
433,1
433.5,1
433.5,0
434,0
434,1
434.5,1
434.5,0
435,0
435,1
435.5,1
435.5,0
436,0
436,1
436.5,1
436.5,0
437,0
437,1
437.5,1
437.5,0
438,0
438,1
438.5,1
438.5,0
439,0
439,1
439.5,1
439.5,0
440,0
440,1
440.5,1
440.5,0
441,0
441,1
441.5,1
441.5,0
442,0
442,1
442.5,1
442.5,0
443,0
443,1
443.5,1
443.5,0
444,0
444,1
444.5,1
444.5,0
445,0
445,1
445.5,1
445.5,0
446,0
446,1
446.5,1
446.5,0
447,0
447,1
447.5,1
447.5,0
448,0
448,1
448.5,1
448.5,0
449,0
449,1
449.5,1
449.5,0
450,0
450,1
450.5,1
450.5,0
451,0
451,1
451.5,1
451.5,0
452,0
452,1
452.5,1
452.5,0
453,0
453,1
453.5,1
453.5,0
454,0
454,1
454.5,1
454.5,0
455,0
455,1
455.5,1
455.5,0
456,0
456,1
456.5,1
456.5,0
457,0
457,1
457.5,1
457.5,0
458,0
458,1
458.5,1
458.5,0
459,0
459,1
459.5,1
459.5,0
460,0
460,1
460.5,1
460.5,0
461,0
461,1
461.5,1
461.5,0
462,0
462,1
462.5,1
462.5,0
463,0
463,1
463.5,1
463.5,0
464,0
464,1
464.5,1
464.5,0
465,0
465,1
465.5,1
465.5,0
466,0
466,1
466.5,1
466.5,0
467,0
467,1
467.5,1
467.5,0
468,0
468,1
468.5,1
468.5,0
469,0
469,1
469.5,1
469.5,0
470,0
470,1
470.5,1
470.5,0
471,0
471,1
471.5,1
471.5,0
472,0
472,1
472.5,1
472.5,0
473,0
473,1
473.5,1
473.5,0
474,0
474,1
474.5,1
474.5,0
475,0
475,1
475.5,1
475.5,0
476,0
476,1
476.5,1
476.5,0
477,0
477,1
477.5,1
477.5,0
478,0
478,1
478.5,1
478.5,0
479,0
479,1
479.5,1
479.5,0
480,0
480,1
480.5,1
480.5,0
481,0
481,1
481.5,1
481.5,0
482,0
482,1
482.5,1
482.5,0
483,0
483,1
483.5,1
483.5,0
484,0
484,1
484.5,1
484.5,0
485,0
485,1
485.5,1
485.5,0
486,0
486,1
486.5,1
486.5,0
487,0
487,1
487.5,1
487.5,0
488,0
488,1
488.5,1
488.5,0
489,0
489,1
489.5,1
489.5,0
490,0
490,1
490.5,1
490.5,0
491,0
491,1
491.5,1
491.5,0
492,0
492,1
492.5,1
492.5,0
493,0
493,1
493.5,1
493.5,0
494,0
494,1
494.5,1
494.5,0
495,0
495,1
495.5,1
495.5,0
496,0
496,1
496.5,1
496.5,0
497,0
497,1
497.5,1
497.5,0
498,0
498,1
498.5,1
498.5,0
499,0
499,1
499.5,1
499.5,0
500,0
500,1
500.5,1
500.5,0
501,0
501,1
501.5,1
501.5,0
502,0
502,1
502.5,1
502.5,0
503,0
503,1
503.5,1
503.5,0
504,0
504,1
504.5,1
504.5,0
505,0
505,1
505.5,1
505.5,0
506,0
506,1
506.5,1
506.5,0
507,0
507,1
507.5,1
507.5,0
508,0
508,1
508.5,1
508.5,0
509,0
509,1
509.5,1
509.5,0
510,0
510,1
510.5,1
510.5,0
511,0
511,1
511.5,1
511.5,0
512,0
512,1
512.5,1
512.5,0
513,0
513,1
513.5,1
513.5,0
514,0
514,1
514.5,1
514.5,0
515,0
515,1
515.5,1
515.5,0
516,0
516,1
516.5,1
516.5,0
517,0
517,1
517.5,1
517.5,0
518,0
518,1
518.5,1
518.5,0
519,0
519,1
519.5,1
519.5,0
520,0
520,1
520.5,1
520.5,0
521,0
521,1
521.5,1
521.5,0
522,0
522,1
522.5,1
522.5,0
523,0
523,1
523.5,1
523.5,0
524,0
524,1
524.5,1
524.5,0
525,0
525,1
525.5,1
525.5,0
526,0
526,1
526.5,1
526.5,0
527,0
527,1
527.5,1
527.5,0
528,0
528,1
528.5,1
528.5,0
529,0
529,1
529.5,1
529.5,0
530,0
530,1
530.5,1
530.5,0
531,0
531,1
531.5,1
531.5,0
532,0
532,1
532.5,1
532.5,0
533,0
533,1
533.5,1
533.5,0
534,0
534,1
534.5,1
534.5,0
535,0
535,1
535.5,1
535.5,0
536,0
536,1
536.5,1
536.5,0
537,0
537,1
537.5,1
537.5,0
538,0
538,1
538.5,1
538.5,0
539,0
539,1
539.5,1
539.5,0
540,0
540,1
540.5,1
540.5,0
541,0
541,1
541.5,1
541.5,0
542,0
542,1
542.5,1
542.5,0
543,0
543,1
543.5,1
543.5,0
544,0
544,1
544.5,1
544.5,0
545,0
545,1
545.5,1
545.5,0
546,0
546,1
546.5,1
546.5,0
547,0
547,1
547.5,1
547.5,0
548,0
548,1
548.5,1
548.5,0
549,0
549,1
549.5,1
549.5,0
550,0
550,1
550.5,1
550.5,0
551,0
551,1
551.5,1
551.5,0
552,0
552,1
552.5,1
552.5,0
553,0
553,1
553.5,1
553.5,0
554,0
554,1
554.5,1
554.5,0
555,0
555,1
555.5,1
555.5,0
556,0
556,1
556.5,1
556.5,0
557,0
557,1
557.5,1
557.5,0
558,0
558,1
558.5,1
558.5,0
559,0
559,1
559.5,1
559.5,0
560,0
560,1
560.5,1
560.5,0
561,0
561,1
561.5,1
561.5,0
562,0
562,1
562.5,1
562.5,0
563,0
563,1
563.5,1
563.5,0
564,0
564,1
564.5,1
564.5,0
565,0
565,1
565.5,1
565.5,0
566,0
566,1
566.5,1
566.5,0
567,0
567,1
567.5,1
567.5,0
568,0
568,1
568.5,1
568.5,0
569,0
569,1
569.5,1
569.5,0
570,0
570,1
570.5,1
570.5,0
571,0
571,1
571.5,1
571.5,0
572,0
572,1
572.5,1
572.5,0
573,0
573,1
573.5,1
573.5,0
574,0
574,1
574.5,1
574.5,0
575,0
575,1
575.5,1
575.5,0
576,0
576,1
576.5,1
576.5,0
577,0
577,1
577.5,1
577.5,0
578,0
578,1
578.5,1
578.5,0
579,0
579,1
579.5,1
579.5,0
580,0
580,1
580.5,1
580.5,0
581,0
581,1
581.5,1
581.5,0
582,0
582,1
582.5,1
582.5,0
583,0
583,1
583.5,1
583.5,0
584,0
584,1
584.5,1
584.5,0
585,0
585,1
585.5,1
585.5,0
586,0
586,1
586.5,1
586.5,0
587,0
587,1
587.5,1
587.5,0
588,0
588,1
588.5,1
588.5,0
589,0
589,1
589.5,1
589.5,0
590,0
590,1
590.5,1
590.5,0
591,0
591,1
591.5,1
591.5,0
592,0
592,1
592.5,1
592.5,0
593,0
593,1
593.5,1
593.5,0
594,0
594,1
594.5,1
594.5,0
595,0
595,1
595.5,1
595.5,0
596,0
596,1
596.5,1
596.5,0
597,0
597,1
597.5,1
597.5,0
598,0
598,1
598.5,1
598.5,0
599,0
599,1
599.5,1
599.5,0
600,0
600,1
600.5,1
600.5,0
601,0
601,1
601.5,1
601.5,0
602,0
602,1
602.5,1
602.5,0
603,0
603,1
603.5,1
603.5,0
604,0
604,1
604.5,1
604.5,0
605,0
605,1
605.5,1
605.5,0
606,0
606,1
606.5,1
606.5,0
607,0
607,1
607.5,1
607.5,0
608,0
608,1
608.5,1
608.5,0
609,0
609,1
609.5,1
609.5,0
610,0
610,1
610.5,1
610.5,0
611,0
611,1
611.5,1
611.5,0
612,0
612,1
612.5,1
612.5,0
613,0
613,1
613.5,1
613.5,0
614,0
614,1
614.5,1
614.5,0
615,0
615,1
615.5,1
615.5,0
616,0
616,1
616.5,1
616.5,0
617,0
617,1
617.5,1
617.5,0
618,0
618,1
618.5,1
618.5,0
619,0
619,1
619.5,1
619.5,0
620,0
620,1
620.5,1
620.5,0
621,0
621,1
621.5,1
621.5,0
622,0
622,1
622.5,1
622.5,0
623,0
623,1
623.5,1
623.5,0
624,0
624,1
624.5,1
624.5,0
625,0
625,1
625.5,1
625.5,0
626,0
626,1
626.5,1
626.5,0
627,0
627,1
627.5,1
627.5,0
628,0
628,1
628.5,1
628.5,0
629,0
629,1
629.5,1
629.5,0
630,0
630,1
630.5,1
630.5,0
631,0
631,1
631.5,1
631.5,0
632,0
632,1
632.5,1
632.5,0
633,0
633,1
633.5,1
633.5,0
634,0
634,1
634.5,1
634.5,0
635,0
635,1
635.5,1
635.5,0
636,0
636,1
636.5,1
636.5,0
637,0
637,1
637.5,1
637.5,0
638,0
638,1
638.5,1
638.5,0
639,0
639,1
639.5,1
639.5,0
640,0
640,1
640.5,1
640.5,0
641,0
641,1
641.5,1
641.5,0
642,0
642,1
642.5,1
642.5,0
643,0
643,1
643.5,1
643.5,0
644,0
644,1
644.5,1
644.5,0
645,0
645,1
645.5,1
645.5,0
646,0
646,1
646.5,1
646.5,0
647,0
647,1
647.5,1
647.5,0
648,0
648,1
648.5,1
648.5,0
649,0
649,1
649.5,1
649.5,0
650,0
650,1
650.5,1
650.5,0
651,0
651,1
651.5,1
651.5,0
652,0
652,1
652.5,1
652.5,0
653,0
653,1
653.5,1
653.5,0
654,0
654,1
654.5,1
654.5,0
655,0
655,1
655.5,1
655.5,0
656,0
656,1
656.5,1
656.5,0
657,0
657,1
657.5,1
657.5,0
658,0
658,1
658.5,1
658.5,0
659,0
659,1
659.5,1
659.5,0
660,0
660,1
660.5,1
660.5,0
661,0
661,1
661.5,1
661.5,0
662,0
662,1
662.5,1
662.5,0
663,0
663,1
663.5,1
663.5,0
664,0
664,1
664.5,1
664.5,0
665,0
665,1
665.5,1
665.5,0
666,0
666,1
666.5,1
666.5,0
667,0
667,1
667.5,1
667.5,0
668,0
668,1
668.5,1
668.5,0
669,0
669,1
669.5,1
669.5,0
670,0
670,1
670.5,1
670.5,0
671,0
671,1
671.5,1
671.5,0
672,0
672,1
672.5,1
672.5,0
673,0
673,1
673.5,1
673.5,0
674,0
674,1
674.5,1
674.5,0
675,0
675,1
675.5,1
675.5,0
676,0
676,1
676.5,1
676.5,0
677,0
677,1
677.5,1
677.5,0
678,0
678,1
678.5,1
678.5,0
679,0
679,1
679.5,1
679.5,0
680,0
680,1
680.5,1
680.5,0
681,0
681,1
681.5,1
681.5,0
682,0
682,1
682.5,1
682.5,0
683,0
683,1
683.5,1
683.5,0
684,0
684,1
684.5,1
684.5,0
685,0
685,1
685.5,1
685.5,0
686,0
686,1
686.5,1
686.5,0
687,0
687,1
687.5,1
687.5,0
688,0
688,1
688.5,1
688.5,0
689,0
689,1
689.5,1
689.5,0
690,0
690,1
690.5,1
690.5,0
691,0
691,1
691.5,1
691.5,0
692,0
692,1
692.5,1
692.5,0
693,0
693,1
693.5,1
693.5,0
694,0
694,1
694.5,1
694.5,0
695,0
695,1
695.5,1
695.5,0
696,0
696,1
696.5,1
696.5,0
697,0
697,1
697.5,1
697.5,0
698,0
698,1
698.5,1
698.5,0
699,0
699,1
699.5,1
699.5,0
700,0
700,1
700.5,1
700.5,0
701,0
701,1
701.5,1
701.5,0
702,0
702,1
702.5,1
702.5,0
703,0
703,1
703.5,1
703.5,0
704,0
704,1
704.5,1
704.5,0
705,0
705,1
705.5,1
705.5,0
706,0
706,1
706.5,1
706.5,0
707,0
707,1
707.5,1
707.5,0
708,0
708,1
708.5,1
708.5,0
709,0
709,1
709.5,1
709.5,0
710,0
710,1
710.5,1
710.5,0
711,0
711,1
711.5,1
711.5,0
712,0
712,1
712.5,1
712.5,0
713,0
713,1
713.5,1
713.5,0
714,0
714,1
714.5,1
714.5,0
715,0
715,1
715.5,1
715.5,0
716,0
716,1
716.5,1
716.5,0
717,0
717,1
717.5,1
717.5,0
718,0
718,1
718.5,1
718.5,0
719,0
719,1
719.5,1
719.5,0
720,0
720,1
720.5,1
720.5,0
721,0
721,1
721.5,1
721.5,0
722,0
722,1
722.5,1
722.5,0
723,0
723,1
723.5,1
723.5,0
724,0
724,1
724.5,1
724.5,0
725,0
725,1
725.5,1
725.5,0
726,0
726,1
726.5,1
726.5,0
727,0
727,1
727.5,1
727.5,0
728,0
728,1
728.5,1
728.5,0
729,0
729,1
729.5,1
729.5,0
730,0
730,1
730.5,1
730.5,0
731,0
731,1
731.5,1
731.5,0
732,0
732,1
732.5,1
732.5,0
733,0
733,1
733.5,1
733.5,0
734,0
734,1
734.5,1
734.5,0
735,0
735,1
735.5,1
735.5,0
736,0
736,1
736.5,1
736.5,0
737,0
737,1
737.5,1
737.5,0
738,0
738,1
738.5,1
738.5,0
739,0
739,1
739.5,1
739.5,0
740,0
740,1
740.5,1
740.5,0
741,0
741,1
741.5,1
741.5,0
742,0
742,1
742.5,1
742.5,0
743,0
743,1
743.5,1
743.5,0
744,0
744,1
744.5,1
744.5,0
745,0
745,1
745.5,1
745.5,0
746,0
746,1
746.5,1
746.5,0
747,0
747,1
747.5,1
747.5,0
748,0
748,1
748.5,1
748.5,0
749,0
749,1
749.5,1
749.5,0
750,0
750,1
750.5,1
750.5,0
751,0
751,1
751.5,1
751.5,0
752,0
752,1
752.5,1
752.5,0
753,0
753,1
753.5,1
753.5,0
754,0
754,1
754.5,1
754.5,0
755,0
755,1
755.5,1
755.5,0
756,0
756,1
756.5,1
756.5,0
757,0
757,1
757.5,1
757.5,0
758,0
758,1
758.5,1
758.5,0
759,0
759,1
759.5,1
759.5,0
760,0
760,1
760.5,1
760.5,0
761,0
761,1
761.5,1
761.5,0
762,0
762,1
762.5,1
762.5,0
763,0
763,1
763.5,1
763.5,0
764,0
764,1
764.5,1
764.5,0
765,0
765,1
765.5,1
765.5,0
766,0
766,1
766.5,1
766.5,0
767,0
767,1
767.5,1
767.5,0
768,0
768,1
768.5,1
768.5,0
769,0
769,1
769.5,1
769.5,0
770,0
770,1
770.5,1
770.5,0
771,0
771,1
771.5,1
771.5,0
772,0
772,1
772.5,1
772.5,0
773,0
773,1
773.5,1
773.5,0
774,0
774,1
774.5,1
774.5,0
775,0
775,1
775.5,1
775.5,0
776,0
776,1
776.5,1
776.5,0
777,0
777,1
777.5,1
777.5,0
778,0
778,1
778.5,1
778.5,0
779,0
779,1
779.5,1
779.5,0
780,0
780,1
780.5,1
780.5,0
781,0
781,1
781.5,1
781.5,0
782,0
782,1
782.5,1
782.5,0
783,0
783,1
783.5,1
783.5,0
784,0
784,1
784.5,1
784.5,0
785,0
785,1
785.5,1
785.5,0
786,0
786,1
786.5,1
786.5,0
787,0
787,1
787.5,1
787.5,0
788,0
788,1
788.5,1
788.5,0
789,0
789,1
789.5,1
789.5,0
790,0
790,1
790.5,1
790.5,0
791,0
791,1
791.5,1
791.5,0
792,0
792,1
792.5,1
792.5,0
793,0
793,1
793.5,1
793.5,0
794,0
794,1
794.5,1
794.5,0
795,0
795,1
795.5,1
795.5,0
796,0
796,1
796.5,1
796.5,0
797,0
797,1
797.5,1
797.5,0
798,0
798,1
798.5,1
798.5,0
799,0
799,1
799.5,1
799.5,0
800,0
800,1
800.5,1
800.5,0
801,0
801,1
801.5,1
801.5,0
802,0
802,1
802.5,1
802.5,0
803,0
803,1
803.5,1
803.5,0
804,0
804,1
804.5,1
804.5,0
805,0
805,1
805.5,1
805.5,0
806,0
806,1
806.5,1
806.5,0
807,0
807,1
807.5,1
807.5,0
808,0
808,1
808.5,1
808.5,0
809,0
809,1
809.5,1
809.5,0
810,0
810,1
810.5,1
810.5,0
811,0
811,1
811.5,1
811.5,0
812,0
812,1
812.5,1
812.5,0
813,0
813,1
813.5,1
813.5,0
814,0
814,1
814.5,1
814.5,0
815,0
815,1
815.5,1
815.5,0
816,0
816,1
816.5,1
816.5,0
817,0
817,1
817.5,1
817.5,0
818,0
818,1
818.5,1
818.5,0
819,0
819,1
819.5,1
819.5,0
820,0
820,1
820.5,1
820.5,0
821,0
821,1
821.5,1
821.5,0
822,0
822,1
822.5,1
822.5,0
823,0
823,1
823.5,1
823.5,0
824,0
824,1
824.5,1
824.5,0
825,0
825,1
825.5,1
825.5,0
826,0
826,1
826.5,1
826.5,0
827,0
827,1
827.5,1
827.5,0
828,0
828,1
828.5,1
828.5,0
829,0
829,1
829.5,1
829.5,0
830,0
830,1
830.5,1
830.5,0
831,0
831,1
831.5,1
831.5,0
832,0
832,1
832.5,1
832.5,0
833,0
833,1
833.5,1
833.5,0
834,0
834,1
834.5,1
834.5,0
835,0
835,1
835.5,1
835.5,0
836,0
836,1
836.5,1
836.5,0
837,0
837,1
837.5,1
837.5,0
838,0
838,1
838.5,1
838.5,0
839,0
839,1
839.5,1
839.5,0
840,0
840,1
840.5,1
840.5,0
841,0
841,1
841.5,1
841.5,0
842,0
842,1
842.5,1
842.5,0
843,0
843,1
843.5,1
843.5,0
844,0
844,1
844.5,1
844.5,0
845,0
845,1
845.5,1
845.5,0
846,0
846,1
846.5,1
846.5,0
847,0
847,1
847.5,1
847.5,0
848,0
848,1
848.5,1
848.5,0
849,0
849,1
849.5,1
849.5,0
850,0
850,1
850.5,1
850.5,0
851,0
851,1
851.5,1
851.5,0
852,0
852,1
852.5,1
852.5,0
853,0
853,1
853.5,1
853.5,0
854,0
854,1
854.5,1
854.5,0
855,0
855,1
855.5,1
855.5,0
856,0
856,1
856.5,1
856.5,0
857,0
857,1
857.5,1
857.5,0
858,0
858,1
858.5,1
858.5,0
859,0
859,1
859.5,1
859.5,0
860,0
860,1
860.5,1
860.5,0
861,0
861,1
861.5,1
861.5,0
862,0
862,1
862.5,1
862.5,0
863,0
863,1
863.5,1
863.5,0
864,0
864,1
864.5,1
864.5,0
865,0
865,1
865.5,1
865.5,0
866,0
866,1
866.5,1
866.5,0
867,0
867,1
867.5,1
867.5,0
868,0
868,1
868.5,1
868.5,0
869,0
869,1
869.5,1
869.5,0
870,0
870,1
870.5,1
870.5,0
871,0
871,1
871.5,1
871.5,0
872,0
872,1
872.5,1
872.5,0
873,0
873,1
873.5,1
873.5,0
874,0
874,1
874.5,1
874.5,0
875,0
875,1
875.5,1
875.5,0
876,0
876,1
876.5,1
876.5,0
877,0
877,1
877.5,1
877.5,0
878,0
878,1
878.5,1
878.5,0
879,0
879,1
879.5,1
879.5,0
880,0
880,1
880.5,1
880.5,0
881,0
881,1
881.5,1
881.5,0
882,0
882,1
882.5,1
882.5,0
883,0
883,1
883.5,1
883.5,0
884,0
884,1
884.5,1
884.5,0
885,0
885,1
885.5,1
885.5,0
886,0
886,1
886.5,1
886.5,0
887,0
887,1
887.5,1
887.5,0
888,0
888,1
888.5,1
888.5,0
889,0
889,1
889.5,1
889.5,0
890,0
890,1
890.5,1
890.5,0
891,0
891,1
891.5,1
891.5,0
892,0
892,1
892.5,1
892.5,0
893,0
893,1
893.5,1
893.5,0
894,0
894,1
894.5,1
894.5,0
895,0
895,1
895.5,1
895.5,0
896,0
896,1
896.5,1
896.5,0
897,0
897,1
897.5,1
897.5,0
898,0
898,1
898.5,1
898.5,0
899,0
899,1
899.5,1
899.5,0
900,0
900,1
900.5,1
900.5,0
901,0
901,1
901.5,1
901.5,0
902,0
902,1
902.5,1
902.5,0
903,0
903,1
903.5,1
903.5,0
904,0
904,1
904.5,1
904.5,0
905,0
905,1
905.5,1
905.5,0
906,0
906,1
906.5,1
906.5,0
907,0
907,1
907.5,1
907.5,0
908,0
908,1
908.5,1
908.5,0
909,0
909,1
909.5,1
909.5,0
910,0
910,1
910.5,1
910.5,0
911,0
911,1
911.5,1
911.5,0
912,0
912,1
912.5,1
912.5,0
913,0
913,1
913.5,1
913.5,0
914,0
914,1
914.5,1
914.5,0
915,0
915,1
915.5,1
915.5,0
916,0
916,1
916.5,1
916.5,0
917,0
917,1
917.5,1
917.5,0
918,0
918,1
918.5,1
918.5,0
919,0
919,1
919.5,1
919.5,0
920,0
920,1
920.5,1
920.5,0
921,0
921,1
921.5,1
921.5,0
922,0
922,1
922.5,1
922.5,0
923,0
923,1
923.5,1
923.5,0
924,0
924,1
924.5,1
924.5,0
925,0
925,1
925.5,1
925.5,0
926,0
926,1
926.5,1
926.5,0
927,0
927,1
927.5,1
927.5,0
928,0
928,1
928.5,1
928.5,0
929,0
929,1
929.5,1
929.5,0
930,0
930,1
930.5,1
930.5,0
931,0
931,1
931.5,1
931.5,0
932,0
932,1
932.5,1
932.5,0
933,0
933,1
933.5,1
933.5,0
934,0
934,1
934.5,1
934.5,0
935,0
935,1
935.5,1
935.5,0
936,0
936,1
936.5,1
936.5,0
937,0
937,1
937.5,1
937.5,0
938,0
938,1
938.5,1
938.5,0
939,0
939,1
939.5,1
939.5,0
940,0
940,1
940.5,1
940.5,0
941,0
941,1
941.5,1
941.5,0
942,0
942,1
942.5,1
942.5,0
943,0
943,1
943.5,1
943.5,0
944,0
944,1
944.5,1
944.5,0
945,0
945,1
945.5,1
945.5,0
946,0
946,1
946.5,1
946.5,0
947,0
947,1
947.5,1
947.5,0
948,0
948,1
948.5,1
948.5,0
949,0
949,1
949.5,1
949.5,0
950,0
950,1
950.5,1
950.5,0
951,0
951,1
951.5,1
951.5,0
952,0
952,1
952.5,1
952.5,0
953,0
953,1
953.5,1
953.5,0
954,0
954,1
954.5,1
954.5,0
955,0
955,1
955.5,1
955.5,0
956,0
956,1
956.5,1
956.5,0
957,0
957,1
957.5,1
957.5,0
958,0
958,1
958.5,1
958.5,0
959,0
959,1
959.5,1
959.5,0
960,0
960,1
960.5,1
960.5,0
961,0
961,1
961.5,1
961.5,0
962,0
962,1
962.5,1
962.5,0
963,0
963,1
963.5,1
963.5,0
964,0
964,1
964.5,1
964.5,0
965,0
965,1
965.5,1
965.5,0
966,0
966,1
966.5,1
966.5,0
967,0
967,1
967.5,1
967.5,0
968,0
968,1
968.5,1
968.5,0
969,0
969,1
969.5,1
969.5,0
970,0
970,1
970.5,1
970.5,0
971,0
971,1
971.5,1
971.5,0
972,0
972,1
972.5,1
972.5,0
973,0
973,1
973.5,1
973.5,0
974,0
974,1
974.5,1
974.5,0
975,0
975,1
975.5,1
975.5,0
976,0
976,1
976.5,1
976.5,0
977,0
977,1
977.5,1
977.5,0
978,0
978,1
978.5,1
978.5,0
979,0
979,1
979.5,1
979.5,0
980,0
980,1
980.5,1
980.5,0
981,0
981,1
981.5,1
981.5,0
982,0
982,1
982.5,1
982.5,0
983,0
983,1
983.5,1
983.5,0
984,0
984,1
984.5,1
984.5,0
985,0
985,1
985.5,1
985.5,0
986,0
986,1
986.5,1
986.5,0
987,0
987,1
987.5,1
987.5,0
988,0
988,1
988.5,1
988.5,0
989,0
989,1
989.5,1
989.5,0
990,0
990,1
990.5,1
990.5,0
991,0
991,1
991.5,1
991.5,0
992,0
992,1
992.5,1
992.5,0
993,0
993,1
993.5,1
993.5,0
994,0
994,1
994.5,1
994.5,0
995,0
995,1
995.5,1
995.5,0
996,0
996,1
996.5,1
996.5,0
997,0
997,1
997.5,1
997.5,0
998,0
998,1
998.5,1
998.5,0
999,0
999,1
999.5,1
999.5,0
1000,0
1000,1
1000.5,1
1000.5,0
1001,0
1001,1
1001.5,1
1001.5,0
1002,0
1002,1
1002.5,1
1002.5,0
1003,0
1003,1
1003.5,1
1003.5,0
1004,0
1004,1
1004.5,1
1004.5,0
1005,0
1005,1
1005.5,1
1005.5,0
1006,0
1006,1
1006.5,1
1006.5,0
1007,0
1007,1
1007.5,1
1007.5,0
1008,0
1008,1
1008.5,1
1008.5,0
1009,0
1009,1
1009.5,1
1009.5,0
1010,0
1010,1
1010.5,1
1010.5,0
1011,0
1011,1
1011.5,1
1011.5,0
1012,0
1012,1
1012.5,1
1012.5,0
1013,0
1013,1
1013.5,1
1013.5,0
1014,0
1014,1
1014.5,1
1014.5,0
1015,0
1015,1
1015.5,1
1015.5,0
1016,0
1016,1
1016.5,1
1016.5,0
1017,0
1017,1
1017.5,1
1017.5,0
1018,0
1018,1
1018.5,1
1018.5,0
1019,0
1019,1
1019.5,1
1019.5,0
1020,0
1020,1
1020.5,1
1020.5,0
1021,0
1021,1
1021.5,1
1021.5,0
1022,0
1022,1
1022.5,1
1022.5,0
1023,0
1023,1
1023.5,1
1023.5,0
1024,0
1024,1
1024.5,1
1024.5,0
1025,0
1025,1
1025.5,1
1025.5,0
1026,0
1026,1
1026.5,1
1026.5,0
1027,0
1027,1
1027.5,1
1027.5,0
1028,0
1028,1
1028.5,1
1028.5,0
1029,0
1029,1
1029.5,1
1029.5,0
1030,0
1030,1
1030.5,1
1030.5,0
1031,0
1031,1
1031.5,1
1031.5,0
1032,0
1032,1
1032.5,1
1032.5,0
1033,0
1033,1
1033.5,1
1033.5,0
1034,0
1034,1
1034.5,1
1034.5,0
1035,0
1035,1
1035.5,1
1035.5,0
1036,0
1036,1
1036.5,1
1036.5,0
1037,0
1037,1
1037.5,1
1037.5,0
1038,0
1038,1
1038.5,1
1038.5,0
1039,0
1039,1
1039.5,1
1039.5,0
1040,0
1040,1
1040.5,1
1040.5,0
1041,0
1041,1
1041.5,1
1041.5,0
1042,0
1042,1
1042.5,1
1042.5,0
1043,0
1043,1
1043.5,1
1043.5,0
1044,0
1044,1
1044.5,1
1044.5,0
1045,0
1045,1
1045.5,1
1045.5,0
1046,0
1046,1
1046.5,1
1046.5,0
1047,0
1047,1
1047.5,1
1047.5,0
1048,0
1048,1
1048.5,1
1048.5,0
1049,0
1049,1
1049.5,1
1049.5,0
1050,0
1050,1
1050.5,1
1050.5,0
1051,0
1051,1
1051.5,1
1051.5,0
1052,0
1052,1
1052.5,1
1052.5,0
1053,0
1053,1
1053.5,1
1053.5,0
1054,0
1054,1
1054.5,1
1054.5,0
1055,0
1055,1
1055.5,1
1055.5,0
1056,0
1056,1
1056.5,1
1056.5,0
1057,0
1057,1
1057.5,1
1057.5,0
1058,0
1058,1
1058.5,1
1058.5,0
1059,0
1059,1
1059.5,1
1059.5,0
1060,0
1060,1
1060.5,1
1060.5,0
1061,0
1061,1
1061.5,1
1061.5,0
1062,0
1062,1
1062.5,1
1062.5,0
1063,0
1063,1
1063.5,1
1063.5,0
1064,0
1064,1
1064.5,1
1064.5,0
1065,0
1065,1
1065.5,1
1065.5,0
1066,0
1066,1
1066.5,1
1066.5,0
1067,0
1067,1
1067.5,1
1067.5,0
1068,0
1068,1
1068.5,1
1068.5,0
1069,0
1069,1
1069.5,1
1069.5,0
1070,0
1070,1
1070.5,1
1070.5,0
1071,0
1071,1
1071.5,1
1071.5,0
1072,0
1072,1
1072.5,1
1072.5,0
1073,0
1073,1
1073.5,1
1073.5,0
1074,0
1074,1
1074.5,1
1074.5,0
1075,0
1075,1
1075.5,1
1075.5,0
1076,0
1076,1
1076.5,1
1076.5,0
1077,0
1077,1
1077.5,1
1077.5,0
1078,0
1078,1
1078.5,1
1078.5,0
1079,0
1079,1
1079.5,1
1079.5,0
1080,0
1080,1
1080.5,1
1080.5,0
1081,0
1081,1
1081.5,1
1081.5,0
1082,0
1082,1
1082.5,1
1082.5,0
1083,0
1083,1
1083.5,1
1083.5,0
1084,0
1084,1
1084.5,1
1084.5,0
1085,0
1085,1
1085.5,1
1085.5,0
1086,0
1086,1
1086.5,1
1086.5,0
1087,0
1087,1
1087.5,1
1087.5,0
1088,0
1088,1
1088.5,1
1088.5,0
1089,0
1089,1
1089.5,1
1089.5,0
1090,0
1090,1
1090.5,1
1090.5,0
1091,0
1091,1
1091.5,1
1091.5,0
1092,0
1092,1
1092.5,1
1092.5,0
1093,0
1093,1
1093.5,1
1093.5,0
1094,0
1094,1
1094.5,1
1094.5,0
1095,0
1095,1
1095.5,1
1095.5,0
1096,0
1096,1
1096.5,1
1096.5,0
1097,0
1097,1
1097.5,1
1097.5,0
1098,0
1098,1
1098.5,1
1098.5,0
1099,0
1099,1
1099.5,1
1099.5,0
1100,0
1100,1
1100.5,1
1100.5,0
1101,0
1101,1
1101.5,1
1101.5,0
1102,0
1102,1
1102.5,1
1102.5,0
1103,0
1103,1
1103.5,1
1103.5,0
1104,0
1104,1
1104.5,1
1104.5,0
1105,0
1105,1
1105.5,1
1105.5,0
1106,0
1106,1
1106.5,1
1106.5,0
1107,0
1107,1
1107.5,1
1107.5,0
1108,0
1108,1
1108.5,1
1108.5,0
1109,0
1109,1
1109.5,1
1109.5,0
1110,0
1110,1
1110.5,1
1110.5,0
1111,0
1111,1
1111.5,1
1111.5,0
1112,0
1112,1
1112.5,1
1112.5,0
1113,0
1113,1
1113.5,1
1113.5,0
1114,0
1114,1
1114.5,1
1114.5,0
1115,0
1115,1
1115.5,1
1115.5,0
1116,0
1116,1
1116.5,1
1116.5,0
1117,0
1117,1
1117.5,1
1117.5,0
1118,0
1118,1
1118.5,1
1118.5,0
1119,0
1119,1
1119.5,1
1119.5,0
1120,0
1120,1
1120.5,1
1120.5,0
1121,0
1121,1
1121.5,1
1121.5,0
1122,0
1122,1
1122.5,1
1122.5,0
1123,0
1123,1
1123.5,1
1123.5,0
1124,0
1124,1
1124.5,1
1124.5,0
1125,0
1125,1
1125.5,1
1125.5,0
1126,0
1126,1
1126.5,1
1126.5,0
1127,0
1127,1
1127.5,1
1127.5,0
1128,0
1128,1
1128.5,1
1128.5,0
1129,0
1129,1
1129.5,1
1129.5,0
1130,0
1130,1
1130.5,1
1130.5,0
1131,0
1131,1
1131.5,1
1131.5,0
1132,0
1132,1
1132.5,1
1132.5,0
1133,0
1133,1
1133.5,1
1133.5,0
1134,0
1134,1
1134.5,1
1134.5,0
1135,0
1135,1
1135.5,1
1135.5,0
1136,0
1136,1
1136.5,1
1136.5,0
1137,0
1137,1
1137.5,1
1137.5,0
1138,0
1138,1
1138.5,1
1138.5,0
1139,0
1139,1
1139.5,1
1139.5,0
1140,0
1140,1
1140.5,1
1140.5,0
1141,0
1141,1
1141.5,1
1141.5,0
1142,0
1142,1
1142.5,1
1142.5,0
1143,0
1143,1
1143.5,1
1143.5,0
1144,0
1144,1
1144.5,1
1144.5,0
1145,0
1145,1
1145.5,1
1145.5,0
1146,0
1146,1
1146.5,1
1146.5,0
1147,0
1147,1
1147.5,1
1147.5,0
1148,0
1148,1
1148.5,1
1148.5,0
1149,0
1149,1
1149.5,1
1149.5,0
1150,0
1150,1
1150.5,1
1150.5,0
1151,0
1151,1
1151.5,1
1151.5,0
1152,0
1152,1
1152.5,1
1152.5,0
1153,0
1153,1
1153.5,1
1153.5,0
1154,0
1154,1
1154.5,1
1154.5,0
1155,0
1155,1
1155.5,1
1155.5,0
1156,0
1156,1
1156.5,1
1156.5,0
1157,0
1157,1
1157.5,1
1157.5,0
1158,0
1158,1
1158.5,1
1158.5,0
1159,0
1159,1
1159.5,1
1159.5,0
1160,0
1160,1
1160.5,1
1160.5,0
1161,0
1161,1
1161.5,1
1161.5,0
1162,0
1162,1
1162.5,1
1162.5,0
1163,0
1163,1
1163.5,1
1163.5,0
1164,0
1164,1
1164.5,1
1164.5,0
1165,0
1165,1
1165.5,1
1165.5,0
1166,0
1166,1
1166.5,1
1166.5,0
1167,0
1167,1
1167.5,1
1167.5,0
1168,0
1168,1
1168.5,1
1168.5,0
1169,0
1169,1
1169.5,1
1169.5,0
1170,0
1170,1
1170.5,1
1170.5,0
1171,0
1171,1
1171.5,1
1171.5,0
1172,0
1172,1
1172.5,1
1172.5,0
1173,0
1173,1
1173.5,1
1173.5,0
1174,0
1174,1
1174.5,1
1174.5,0
1175,0
1175,1
1175.5,1
1175.5,0
1176,0
1176,1
1176.5,1
1176.5,0
1177,0
1177,1
1177.5,1
1177.5,0
1178,0
1178,1
1178.5,1
1178.5,0
1179,0
1179,1
1179.5,1
1179.5,0
1180,0
1180,1
1180.5,1
1180.5,0
1181,0
1181,1
1181.5,1
1181.5,0
1182,0
1182,1
1182.5,1
1182.5,0
1183,0
1183,1
1183.5,1
1183.5,0
1184,0
1184,1
1184.5,1
1184.5,0
1185,0
1185,1
1185.5,1
1185.5,0
1186,0
1186,1
1186.5,1
1186.5,0
1187,0
1187,1
1187.5,1
1187.5,0
1188,0
1188,1
1188.5,1
1188.5,0
1189,0
1189,1
1189.5,1
1189.5,0
1190,0
1190,1
1190.5,1
1190.5,0
1191,0
1191,1
1191.5,1
1191.5,0
1192,0
1192,1
1192.5,1
1192.5,0
1193,0
1193,1
1193.5,1
1193.5,0
1194,0
1194,1
1194.5,1
1194.5,0
1195,0
1195,1
1195.5,1
1195.5,0
1196,0
1196,1
1196.5,1
1196.5,0
1197,0
1197,1
1197.5,1
1197.5,0
1198,0
1198,1
1198.5,1
1198.5,0
1199,0
1199,1
1199.5,1
1199.5,0
1200,0
1200,1
1200.5,1
1200.5,0
1201,0
1201,1
1201.5,1
1201.5,0
1202,0
1202,1
1202.5,1
1202.5,0
1203,0
1203,1
1203.5,1
1203.5,0
1204,0
1204,1
1204.5,1
1204.5,0
1205,0
1205,1
1205.5,1
1205.5,0
1206,0
1206,1
1206.5,1
1206.5,0
1207,0
1207,1
1207.5,1
1207.5,0
1208,0
1208,1
1208.5,1
1208.5,0
1209,0
1209,1
1209.5,1
1209.5,0
1210,0
1210,1
1210.5,1
1210.5,0
1211,0
1211,1
1211.5,1
1211.5,0
1212,0
1212,1
1212.5,1
1212.5,0
1213,0
1213,1
1213.5,1
1213.5,0
1214,0
1214,1
1214.5,1
1214.5,0
1215,0
1215,1
1215.5,1
1215.5,0
1216,0
1216,1
1216.5,1
1216.5,0
1217,0
1217,1
1217.5,1
1217.5,0
1218,0
1218,1
1218.5,1
1218.5,0
1219,0
1219,1
1219.5,1
1219.5,0
1220,0
1220,1
1220.5,1
1220.5,0
1221,0
1221,1
1221.5,1
1221.5,0
1222,0
1222,1
1222.5,1
1222.5,0
1223,0
1223,1
1223.5,1
1223.5,0
1224,0
1224,1
1224.5,1
1224.5,0
1225,0
1225,1
1225.5,1
1225.5,0
1226,0
1226,1
1226.5,1
1226.5,0
1227,0
1227,1
1227.5,1
1227.5,0
1228,0
1228,1
1228.5,1
1228.5,0
1229,0
1229,1
1229.5,1
1229.5,0
1230,0
1230,1
1230.5,1
1230.5,0
1231,0
1231,1
1231.5,1
1231.5,0
1232,0
1232,1
1232.5,1
1232.5,0
1233,0
1233,1
1233.5,1
1233.5,0
1234,0
1234,1
1234.5,1
1234.5,0
1235,0
1235,1
1235.5,1
1235.5,0
1236,0
1236,1
1236.5,1
1236.5,0
1237,0
1237,1
1237.5,1
1237.5,0
1238,0
1238,1
1238.5,1
1238.5,0
1239,0
1239,1
1239.5,1
1239.5,0
1240,0
1240,1
1240.5,1
1240.5,0
1241,0
1241,1
1241.5,1
1241.5,0
1242,0
1242,1
1242.5,1
1242.5,0
1243,0
1243,1
1243.5,1
1243.5,0
1244,0
1244,1
1244.5,1
1244.5,0
1245,0
1245,1
1245.5,1
1245.5,0
1246,0
1246,1
1246.5,1
1246.5,0
1247,0
1247,1
1247.5,1
1247.5,0
1248,0
1248,1
1248.5,1
1248.5,0
1249,0
1249,1
1249.5,1
1249.5,0
1250,0
1250,1
1250.5,1
1250.5,0
1251,0
1251,1
1251.5,1
1251.5,0
1252,0
1252,1
1252.5,1
1252.5,0
1253,0
1253,1
1253.5,1
1253.5,0
1254,0
1254,1
1254.5,1
1254.5,0
1255,0
1255,1
1255.5,1
1255.5,0
1256,0
1256,1
1256.5,1
1256.5,0
1257,0
1257,1
1257.5,1
1257.5,0
1258,0
1258,1
1258.5,1
1258.5,0
1259,0
1259,1
1259.5,1
1259.5,0
1260,0
1260,1
1260.5,1
1260.5,0
1261,0
1261,1
1261.5,1
1261.5,0
1262,0
1262,1
1262.5,1
1262.5,0
1263,0
1263,1
1263.5,1
1263.5,0
1264,0
1264,1
1264.5,1
1264.5,0
1265,0
1265,1
1265.5,1
1265.5,0
1266,0
1266,1
1266.5,1
1266.5,0
1267,0
1267,1
1267.5,1
1267.5,0
1268,0
1268,1
1268.5,1
1268.5,0
1269,0
1269,1
1269.5,1
1269.5,0
1270,0
1270,1
1270.5,1
1270.5,0
1271,0
1271,1
1271.5,1
1271.5,0
1272,0
1272,1
1272.5,1
1272.5,0
1273,0
1273,1
1273.5,1
1273.5,0
1274,0
1274,1
1274.5,1
1274.5,0
1275,0
1275,1
1275.5,1
1275.5,0
1276,0
1276,1
1276.5,1
1276.5,0
1277,0
1277,1
1277.5,1
1277.5,0
1278,0
1278,1
1278.5,1
1278.5,0
1279,0
1279,1
1279.5,1
1279.5,0
1280,0
1280,1
1280.5,1
1280.5,0
1281,0
1281,1
1281.5,1
1281.5,0
1282,0
1282,1
1282.5,1
1282.5,0
1283,0
1283,1
1283.5,1
1283.5,0
1284,0
1284,1
1284.5,1
1284.5,0
1285,0
1285,1
1285.5,1
1285.5,0
1286,0
1286,1
1286.5,1
1286.5,0
1287,0
1287,1
1287.5,1
1287.5,0
1288,0
1288,1
1288.5,1
1288.5,0
1289,0
1289,1
1289.5,1
1289.5,0
1290,0
1290,1
1290.5,1
1290.5,0
1291,0
1291,1
1291.5,1
1291.5,0
1292,0
1292,1
1292.5,1
1292.5,0
1293,0
1293,1
1293.5,1
1293.5,0
1294,0
1294,1
1294.5,1
1294.5,0
1295,0
1295,1
1295.5,1
1295.5,0
1296,0
1296,1
1296.5,1
1296.5,0
1297,0
1297,1
1297.5,1
1297.5,0
1298,0
1298,1
1298.5,1
1298.5,0
1299,0
1299,1
1299.5,1
1299.5,0
1300,0
1300,1
1300.5,1
1300.5,0
1301,0
1301,1
1301.5,1
1301.5,0
1302,0
1302,1
1302.5,1
1302.5,0
1303,0
1303,1
1303.5,1
1303.5,0
1304,0
1304,1
1304.5,1
1304.5,0
1305,0
1305,1
1305.5,1
1305.5,0
1306,0
1306,1
1306.5,1
1306.5,0
1307,0
1307,1
1307.5,1
1307.5,0
1308,0
1308,1
1308.5,1
1308.5,0
1309,0
1309,1
1309.5,1
1309.5,0
1310,0
1310,1
1310.5,1
1310.5,0
1311,0
1311,1
1311.5,1
1311.5,0
1312,0
1312,1
1312.5,1
1312.5,0
1313,0
1313,1
1313.5,1
1313.5,0
1314,0
1314,1
1314.5,1
1314.5,0
1315,0
1315,1
1315.5,1
1315.5,0
1316,0
1316,1
1316.5,1
1316.5,0
1317,0
1317,1
1317.5,1
1317.5,0
1318,0
1318,1
1318.5,1
1318.5,0
1319,0
1319,1
1319.5,1
1319.5,0
1320,0
1320,1
1320.5,1
1320.5,0
1321,0
1321,1
1321.5,1
1321.5,0
1322,0
1322,1
1322.5,1
1322.5,0
1323,0
1323,1
1323.5,1
1323.5,0
1324,0
1324,1
1324.5,1
1324.5,0
1325,0
1325,1
1325.5,1
1325.5,0
1326,0
1326,1
1326.5,1
1326.5,0
1327,0
1327,1
1327.5,1
1327.5,0
1328,0
1328,1
1328.5,1
1328.5,0
1329,0
1329,1
1329.5,1
1329.5,0
1330,0
1330,1
1330.5,1
1330.5,0
1331,0
1331,1
1331.5,1
1331.5,0
1332,0
1332,1
1332.5,1
1332.5,0
1333,0
1333,1
1333.5,1
1333.5,0
1334,0
1334,1
1334.5,1
1334.5,0
1335,0
1335,1
1335.5,1
1335.5,0
1336,0
1336,1
1336.5,1
1336.5,0
1337,0
1337,1
1337.5,1
1337.5,0
1338,0
1338,1
1338.5,1
1338.5,0
1339,0
1339,1
1339.5,1
1339.5,0
1340,0
1340,1
1340.5,1
1340.5,0
1341,0
1341,1
1341.5,1
1341.5,0
1342,0
1342,1
1342.5,1
1342.5,0
1343,0
1343,1
1343.5,1
1343.5,0
1344,0
1344,1
1344.5,1
1344.5,0
1345,0
1345,1
1345.5,1
1345.5,0
1346,0
1346,1
1346.5,1
1346.5,0
1347,0
1347,1
1347.5,1
1347.5,0
1348,0
1348,1
1348.5,1
1348.5,0
1349,0
1349,1
1349.5,1
1349.5,0
1350,0
1350,1
1350.5,1
1350.5,0
1351,0
1351,1
1351.5,1
1351.5,0
1352,0
1352,1
1352.5,1
1352.5,0
1353,0
1353,1
1353.5,1
1353.5,0
1354,0
1354,1
1354.5,1
1354.5,0
1355,0
1355,1
1355.5,1
1355.5,0
1356,0
1356,1
1356.5,1
1356.5,0
1357,0
1357,1
1357.5,1
1357.5,0
1358,0
1358,1
1358.5,1
1358.5,0
1359,0
1359,1
1359.5,1
1359.5,0
1360,0
1360,1
1360.5,1
1360.5,0
1361,0
1361,1
1361.5,1
1361.5,0
1362,0
1362,1
1362.5,1
1362.5,0
1363,0
1363,1
1363.5,1
1363.5,0
1364,0
1364,1
1364.5,1
1364.5,0
1365,0
1365,1
1365.5,1
1365.5,0
1366,0
1366,1
1366.5,1
1366.5,0
1367,0
1367,1
1367.5,1
1367.5,0
1368,0
1368,1
1368.5,1
1368.5,0
1369,0
1369,1
1369.5,1
1369.5,0
1370,0
1370,1
1370.5,1
1370.5,0
1371,0
1371,1
1371.5,1
1371.5,0
1372,0
1372,1
1372.5,1
1372.5,0
1373,0
1373,1
1373.5,1
1373.5,0
1374,0
1374,1
1374.5,1
1374.5,0
1375,0
1375,1
1375.5,1
1375.5,0
1376,0
1376,1
1376.5,1
1376.5,0
1377,0
1377,1
1377.5,1
1377.5,0
1378,0
1378,1
1378.5,1
1378.5,0
1379,0
1379,1
1379.5,1
1379.5,0
1380,0
1380,1
1380.5,1
1380.5,0
1381,0
1381,1
1381.5,1
1381.5,0
1382,0
1382,1
1382.5,1
1382.5,0
1383,0
1383,1
1383.5,1
1383.5,0
1384,0
1384,1
1384.5,1
1384.5,0
1385,0
1385,1
1385.5,1
1385.5,0
1386,0
1386,1
1386.5,1
1386.5,0
1387,0
1387,1
1387.5,1
1387.5,0
1388,0
1388,1
1388.5,1
1388.5,0
1389,0
1389,1
1389.5,1
1389.5,0
1390,0
1390,1
1390.5,1
1390.5,0
1391,0
1391,1
1391.5,1
1391.5,0
1392,0
1392,1
1392.5,1
1392.5,0
1393,0
1393,1
1393.5,1
1393.5,0
1394,0
1394,1
1394.5,1
1394.5,0
1395,0
1395,1
1395.5,1
1395.5,0
1396,0
1396,1
1396.5,1
1396.5,0
1397,0
1397,1
1397.5,1
1397.5,0
1398,0
1398,1
1398.5,1
1398.5,0
1399,0
1399,1
1399.5,1
1399.5,0
1400,0
1400,1
1400.5,1
1400.5,0
1401,0
1401,1
1401.5,1
1401.5,0
1402,0
1402,1
1402.5,1
1402.5,0
1403,0
1403,1
1403.5,1
1403.5,0
1404,0
1404,1
1404.5,1
1404.5,0
1405,0
1405,1
1405.5,1
1405.5,0
1406,0
1406,1
1406.5,1
1406.5,0
1407,0
1407,1
1407.5,1
1407.5,0
1408,0
1408,1
1408.5,1
1408.5,0
1409,0
1409,1
1409.5,1
1409.5,0
1410,0
1410,1
1410.5,1
1410.5,0
1411,0
1411,1
1411.5,1
1411.5,0
1412,0
1412,1
1412.5,1
1412.5,0
1413,0
1413,1
1413.5,1
1413.5,0
1414,0
1414,1
1414.5,1
1414.5,0
1415,0
1415,1
1415.5,1
1415.5,0
1416,0
1416,1
1416.5,1
1416.5,0
1417,0
1417,1
1417.5,1
1417.5,0
1418,0
1418,1
1418.5,1
1418.5,0
1419,0
1419,1
1419.5,1
1419.5,0
1420,0
1420,1
1420.5,1
1420.5,0
1421,0
1421,1
1421.5,1
1421.5,0
1422,0
1422,1
1422.5,1
1422.5,0
1423,0
1423,1
1423.5,1
1423.5,0
1424,0
1424,1
1424.5,1
1424.5,0
1425,0
1425,1
1425.5,1
1425.5,0
1426,0
1426,1
1426.5,1
1426.5,0
1427,0
1427,1
1427.5,1
1427.5,0
1428,0
1428,1
1428.5,1
1428.5,0
1429,0
1429,1
1429.5,1
1429.5,0
1430,0
1430,1
1430.5,1
1430.5,0
1431,0
1431,1
1431.5,1
1431.5,0
1432,0
1432,1
1432.5,1
1432.5,0
1433,0
1433,1
1433.5,1
1433.5,0
1434,0
1434,1
1434.5,1
1434.5,0
1435,0
1435,1
1435.5,1
1435.5,0
1436,0
1436,1
1436.5,1
1436.5,0
1437,0
1437,1
1437.5,1
1437.5,0
1438,0
1438,1
1438.5,1
1438.5,0
1439,0
1439,1
1439.5,1
1439.5,0
1440,0
1440,1
1440.5,1
1440.5,0
1441,0
1441,1
1441.5,1
1441.5,0
1442,0
1442,1
1442.5,1
1442.5,0
1443,0
1443,1
1443.5,1
1443.5,0
1444,0
1444,1
1444.5,1
1444.5,0
1445,0
1445,1
1445.5,1
1445.5,0
1446,0
1446,1
1446.5,1
1446.5,0
1447,0
1447,1
1447.5,1
1447.5,0
1448,0
1448,1
1448.5,1
1448.5,0
1449,0
1449,1
1449.5,1
1449.5,0
1450,0
1450,1
1450.5,1
1450.5,0
1451,0
1451,1
1451.5,1
1451.5,0
1452,0
1452,1
1452.5,1
1452.5,0
1453,0
1453,1
1453.5,1
1453.5,0
1454,0
1454,1
1454.5,1
1454.5,0
1455,0
1455,1
1455.5,1
1455.5,0
1456,0
1456,1
1456.5,1
1456.5,0
1457,0
1457,1
1457.5,1
1457.5,0
1458,0
1458,1
1458.5,1
1458.5,0
1459,0
1459,1
1459.5,1
1459.5,0
1460,0
1460,1
1460.5,1
1460.5,0
1461,0
1461,1
1461.5,1
1461.5,0
1462,0
1462,1
1462.5,1
1462.5,0
1463,0
1463,1
1463.5,1
1463.5,0
1464,0
1464,1
1464.5,1
1464.5,0
1465,0
1465,1
1465.5,1
1465.5,0
1466,0
1466,1
1466.5,1
1466.5,0
1467,0
1467,1
1467.5,1
1467.5,0
1468,0
1468,1
1468.5,1
1468.5,0
1469,0
1469,1
1469.5,1
1469.5,0
1470,0
1470,1
1470.5,1
1470.5,0
1471,0
1471,1
1471.5,1
1471.5,0
1472,0
1472,1
1472.5,1
1472.5,0
1473,0
1473,1
1473.5,1
1473.5,0
1474,0
1474,1
1474.5,1
1474.5,0
1475,0
1475,1
1475.5,1
1475.5,0
1476,0
1476,1
1476.5,1
1476.5,0
1477,0
1477,1
1477.5,1
1477.5,0
1478,0
1478,1
1478.5,1
1478.5,0
1479,0
1479,1
1479.5,1
1479.5,0
1480,0
1480,1
1480.5,1
1480.5,0
1481,0
1481,1
1481.5,1
1481.5,0
1482,0
1482,1
1482.5,1
1482.5,0
1483,0
1483,1
1483.5,1
1483.5,0
1484,0
1484,1
1484.5,1
1484.5,0
1485,0
1485,1
1485.5,1
1485.5,0
1486,0
1486,1
1486.5,1
1486.5,0
1487,0
1487,1
1487.5,1
1487.5,0
1488,0
1488,1
1488.5,1
1488.5,0
1489,0
1489,1
1489.5,1
1489.5,0
1490,0
1490,1
1490.5,1
1490.5,0
1491,0
1491,1
1491.5,1
1491.5,0
1492,0
1492,1
1492.5,1
1492.5,0
1493,0
1493,1
1493.5,1
1493.5,0
1494,0
1494,1
1494.5,1
1494.5,0
1495,0
1495,1
1495.5,1
1495.5,0
1496,0
1496,1
1496.5,1
1496.5,0
1497,0
1497,1
1497.5,1
1497.5,0
1498,0
1498,1
1498.5,1
1498.5,0
1499,0
1499,1
1499.5,1
1499.5,0
1500,0
1500,1
1500.5,1
1500.5,0
1501,0
1501,1
1501.5,1
1501.5,0
1502,0
1502,1
1502.5,1
1502.5,0
1503,0
1503,1
1503.5,1
1503.5,0
1504,0
1504,1
1504.5,1
1504.5,0
1505,0
1505,1
1505.5,1
1505.5,0
1506,0
1506,1
1506.5,1
1506.5,0
1507,0
1507,1
1507.5,1
1507.5,0
1508,0
1508,1
1508.5,1
1508.5,0
1509,0
1509,1
1509.5,1
1509.5,0
1510,0
1510,1
1510.5,1
1510.5,0
1511,0
1511,1
1511.5,1
1511.5,0
1512,0
1512,1
1512.5,1
1512.5,0
1513,0
1513,1
1513.5,1
1513.5,0
1514,0
1514,1
1514.5,1
1514.5,0
1515,0
1515,1
1515.5,1
1515.5,0
1516,0
1516,1
1516.5,1
1516.5,0
1517,0
1517,1
1517.5,1
1517.5,0
1518,0
1518,1
1518.5,1
1518.5,0
1519,0
1519,1
1519.5,1
1519.5,0
1520,0
1520,1
1520.5,1
1520.5,0
1521,0
1521,1
1521.5,1
1521.5,0
1522,0
1522,1
1522.5,1
1522.5,0
1523,0
1523,1
1523.5,1
1523.5,0
1524,0
1524,1
1524.5,1
1524.5,0
1525,0
1525,1
1525.5,1
1525.5,0
1526,0
1526,1
1526.5,1
1526.5,0
1527,0
1527,1
1527.5,1
1527.5,0
1528,0
1528,1
1528.5,1
1528.5,0
1529,0
1529,1
1529.5,1
1529.5,0
1530,0
1530,1
1530.5,1
1530.5,0
1531,0
1531,1
1531.5,1
1531.5,0
1532,0
1532,1
1532.5,1
1532.5,0
1533,0
1533,1
1533.5,1
1533.5,0
1534,0
1534,1
1534.5,1
1534.5,0
1535,0
1535,1
1535.5,1
1535.5,0
1536,0
1536,1
1536.5,1
1536.5,0
1537,0
1537,1
1537.5,1
1537.5,0
1538,0
1538,1
1538.5,1
1538.5,0
1539,0
1539,1
1539.5,1
1539.5,0
1540,0
1540,1
1540.5,1
1540.5,0
1541,0
1541,1
1541.5,1
1541.5,0
1542,0
1542,1
1542.5,1
1542.5,0
1543,0
1543,1
1543.5,1
1543.5,0
1544,0
1544,1
1544.5,1
1544.5,0
1545,0
1545,1
1545.5,1
1545.5,0
1546,0
1546,1
1546.5,1
1546.5,0
1547,0
1547,1
1547.5,1
1547.5,0
1548,0
1548,1
1548.5,1
1548.5,0
1549,0
1549,1
1549.5,1
1549.5,0
1550,0
1550,1
1550.5,1
1550.5,0
1551,0
1551,1
1551.5,1
1551.5,0
1552,0
1552,1
1552.5,1
1552.5,0
1553,0
1553,1
1553.5,1
1553.5,0
1554,0
1554,1
1554.5,1
1554.5,0
1555,0
1555,1
1555.5,1
1555.5,0
1556,0
1556,1
1556.5,1
1556.5,0
1557,0
1557,1
1557.5,1
1557.5,0
1558,0
1558,1
1558.5,1
1558.5,0
1559,0
1559,1
1559.5,1
1559.5,0
1560,0
1560,1
1560.5,1
1560.5,0
1561,0
1561,1
1561.5,1
1561.5,0
1562,0
1562,1
1562.5,1
1562.5,0
1563,0
1563,1
1563.5,1
1563.5,0
1564,0
1564,1
1564.5,1
1564.5,0
1565,0
1565,1
1565.5,1
1565.5,0
1566,0
1566,1
1566.5,1
1566.5,0
1567,0
1567,1
1567.5,1
1567.5,0
1568,0
1568,1
1568.5,1
1568.5,0
1569,0
1569,1
1569.5,1
1569.5,0
1570,0
1570,1
1570.5,1
1570.5,0
1571,0
1571,1
1571.5,1
1571.5,0
1572,0
1572,1
1572.5,1
1572.5,0
1573,0
1573,1
1573.5,1
1573.5,0
1574,0
1574,1
1574.5,1
1574.5,0
1575,0
1575,1
1575.5,1
1575.5,0
1576,0
1576,1
1576.5,1
1576.5,0
1577,0
1577,1
1577.5,1
1577.5,0
1578,0
1578,1
1578.5,1
1578.5,0
1579,0
1579,1
1579.5,1
1579.5,0
1580,0
1580,1
1580.5,1
1580.5,0
1581,0
1581,1
1581.5,1
1581.5,0
1582,0
1582,1
1582.5,1
1582.5,0
1583,0
1583,1
1583.5,1
1583.5,0
1584,0
1584,1
1584.5,1
1584.5,0
1585,0
1585,1
1585.5,1
1585.5,0
1586,0
1586,1
1586.5,1
1586.5,0
1587,0
1587,1
1587.5,1
1587.5,0
1588,0
1588,1
1588.5,1
1588.5,0
1589,0
1589,1
1589.5,1
1589.5,0
1590,0
1590,1
1590.5,1
1590.5,0
1591,0
1591,1
1591.5,1
1591.5,0
1592,0
1592,1
1592.5,1
1592.5,0
1593,0
1593,1
1593.5,1
1593.5,0
1594,0
1594,1
1594.5,1
1594.5,0
1595,0
1595,1
1595.5,1
1595.5,0
1596,0
1596,1
1596.5,1
1596.5,0
1597,0
1597,1
1597.5,1
1597.5,0
1598,0
1598,1
1598.5,1
1598.5,0
1599,0
1599,1
1599.5,1
1599.5,0
1600,0
1600,1
1600.5,1
1600.5,0
1601,0
1601,1
1601.5,1
1601.5,0
1602,0
1602,1
1602.5,1
1602.5,0
1603,0
1603,1
1603.5,1
1603.5,0
1604,0
1604,1
1604.5,1
1604.5,0
1605,0
1605,1
1605.5,1
1605.5,0
1606,0
1606,1
1606.5,1
1606.5,0
1607,0
1607,1
1607.5,1
1607.5,0
1608,0
1608,1
1608.5,1
1608.5,0
1609,0
1609,1
1609.5,1
1609.5,0
1610,0
1610,1
1610.5,1
1610.5,0
1611,0
1611,1
1611.5,1
1611.5,0
1612,0
1612,1
1612.5,1
1612.5,0
1613,0
1613,1
1613.5,1
1613.5,0
1614,0
1614,1
1614.5,1
1614.5,0
1615,0
1615,1
1615.5,1
1615.5,0
1616,0
1616,1
1616.5,1
1616.5,0
1617,0
1617,1
1617.5,1
1617.5,0
1618,0
1618,1
1618.5,1
1618.5,0
1619,0
1619,1
1619.5,1
1619.5,0
1620,0
1620,1
1620.5,1
1620.5,0
1621,0
1621,1
1621.5,1
1621.5,0
1622,0
1622,1
1622.5,1
1622.5,0
1623,0
1623,1
1623.5,1
1623.5,0
1624,0
1624,1
1624.5,1
1624.5,0
1625,0
1625,1
1625.5,1
1625.5,0
1626,0
1626,1
1626.5,1
1626.5,0
1627,0
1627,1
1627.5,1
1627.5,0
1628,0
1628,1
1628.5,1
1628.5,0
1629,0
1629,1
1629.5,1
1629.5,0
1630,0
1630,1
1630.5,1
1630.5,0
1631,0
1631,1
1631.5,1
1631.5,0
1632,0
1632,1
1632.5,1
1632.5,0
1633,0
1633,1
1633.5,1
1633.5,0
1634,0
1634,1
1634.5,1
1634.5,0
1635,0
1635,1
1635.5,1
1635.5,0
1636,0
1636,1
1636.5,1
1636.5,0
1637,0
1637,1
1637.5,1
1637.5,0
1638,0
1638,1
1638.5,1
1638.5,0
1639,0
1639,1
1639.5,1
1639.5,0
1640,0
1640,1
1640.5,1
1640.5,0
1641,0
1641,1
1641.5,1
1641.5,0
1642,0
1642,1
1642.5,1
1642.5,0
1643,0
1643,1
1643.5,1
1643.5,0
1644,0
1644,1
1644.5,1
1644.5,0
1645,0
1645,1
1645.5,1
1645.5,0
1646,0
1646,1
1646.5,1
1646.5,0
1647,0
1647,1
1647.5,1
1647.5,0
1648,0
1648,1
1648.5,1
1648.5,0
1649,0
1649,1
1649.5,1
1649.5,0
1650,0
1650,1
1650.5,1
1650.5,0
1651,0
1651,1
1651.5,1
1651.5,0
1652,0
1652,1
1652.5,1
1652.5,0
1653,0
1653,1
1653.5,1
1653.5,0
1654,0
1654,1
1654.5,1
1654.5,0
1655,0
1655,1
1655.5,1
1655.5,0
1656,0
1656,1
1656.5,1
1656.5,0
1657,0
1657,1
1657.5,1
1657.5,0
1658,0
1658,1
1658.5,1
1658.5,0
1659,0
1659,1
1659.5,1
1659.5,0
1660,0
1660,1
1660.5,1
1660.5,0
1661,0
1661,1
1661.5,1
1661.5,0
1662,0
1662,1
1662.5,1
1662.5,0
1663,0
1663,1
1663.5,1
1663.5,0
1664,0
1664,1
1664.5,1
1664.5,0
1665,0
1665,1
1665.5,1
1665.5,0
1666,0
1666,1
1666.5,1
1666.5,0
1667,0
1667,1
1667.5,1
1667.5,0
1668,0
1668,1
1668.5,1
1668.5,0
1669,0
1669,1
1669.5,1
1669.5,0
1670,0
1670,1
1670.5,1
1670.5,0
1671,0
1671,1
1671.5,1
1671.5,0
1672,0
1672,1
1672.5,1
1672.5,0
1673,0
1673,1
1673.5,1
1673.5,0
1674,0
1674,1
1674.5,1
1674.5,0
1675,0
1675,1
1675.5,1
1675.5,0
1676,0
1676,1
1676.5,1
1676.5,0
1677,0
1677,1
1677.5,1
1677.5,0
1678,0
1678,1
1678.5,1
1678.5,0
1679,0
1679,1
1679.5,1
1679.5,0
1680,0
1680,1
1680.5,1
1680.5,0
1681,0
1681,1
1681.5,1
1681.5,0
1682,0
1682,1
1682.5,1
1682.5,0
1683,0
1683,1
1683.5,1
1683.5,0
1684,0
1684,1
1684.5,1
1684.5,0
1685,0
1685,1
1685.5,1
1685.5,0
1686,0
1686,1
1686.5,1
1686.5,0
1687,0
1687,1
1687.5,1
1687.5,0
1688,0
1688,1
1688.5,1
1688.5,0
1689,0
1689,1
1689.5,1
1689.5,0
1690,0
1690,1
1690.5,1
1690.5,0
1691,0
1691,1
1691.5,1
1691.5,0
1692,0
1692,1
1692.5,1
1692.5,0
1693,0
1693,1
1693.5,1
1693.5,0
1694,0
1694,1
1694.5,1
1694.5,0
1695,0
1695,1
1695.5,1
1695.5,0
1696,0
1696,1
1696.5,1
1696.5,0
1697,0
1697,1
1697.5,1
1697.5,0
1698,0
1698,1
1698.5,1
1698.5,0
1699,0
1699,1
1699.5,1
1699.5,0
1700,0
1700,1
1700.5,1
1700.5,0
1701,0
1701,1
1701.5,1
1701.5,0
1702,0
1702,1
1702.5,1
1702.5,0
1703,0
1703,1
1703.5,1
1703.5,0
1704,0
1704,1
1704.5,1
1704.5,0
1705,0
1705,1
1705.5,1
1705.5,0
1706,0
1706,1
1706.5,1
1706.5,0
1707,0
1707,1
1707.5,1
1707.5,0
1708,0
1708,1
1708.5,1
1708.5,0
1709,0
1709,1
1709.5,1
1709.5,0
1710,0
1710,1
1710.5,1
1710.5,0
1711,0
1711,1
1711.5,1
1711.5,0
1712,0
1712,1
1712.5,1
1712.5,0
1713,0
1713,1
1713.5,1
1713.5,0
1714,0
1714,1
1714.5,1
1714.5,0
1715,0
1715,1
1715.5,1
1715.5,0
1716,0
1716,1
1716.5,1
1716.5,0
1717,0
1717,1
1717.5,1
1717.5,0
1718,0
1718,1
1718.5,1
1718.5,0
1719,0
1719,1
1719.5,1
1719.5,0
1720,0
1720,1
1720.5,1
1720.5,0
1721,0
1721,1
1721.5,1
1721.5,0
1722,0
1722,1
1722.5,1
1722.5,0
1723,0
1723,1
1723.5,1
1723.5,0
1724,0
1724,1
1724.5,1
1724.5,0
1725,0
1725,1
1725.5,1
1725.5,0
1726,0
1726,1
1726.5,1
1726.5,0
1727,0
1727,1
1727.5,1
1727.5,0
1728,0
1728,1
1728.5,1
1728.5,0
1729,0
1729,1
1729.5,1
1729.5,0
1730,0
1730,1
1730.5,1
1730.5,0
1731,0
1731,1
1731.5,1
1731.5,0
1732,0
1732,1
1732.5,1
1732.5,0
1733,0
1733,1
1733.5,1
1733.5,0
1734,0
1734,1
1734.5,1
1734.5,0
1735,0
1735,1
1735.5,1
1735.5,0
1736,0
1736,1
1736.5,1
1736.5,0
1737,0
1737,1
1737.5,1
1737.5,0
1738,0
1738,1
1738.5,1
1738.5,0
1739,0
1739,1
1739.5,1
1739.5,0
1740,0
1740,1
1740.5,1
1740.5,0
1741,0
1741,1
1741.5,1
1741.5,0
1742,0
1742,1
1742.5,1
1742.5,0
1743,0
1743,1
1743.5,1
1743.5,0
1744,0
1744,1
1744.5,1
1744.5,0
1745,0
1745,1
1745.5,1
1745.5,0
1746,0
1746,1
1746.5,1
1746.5,0
1747,0
1747,1
1747.5,1
1747.5,0
1748,0
1748,1
1748.5,1
1748.5,0
1749,0
1749,1
1749.5,1
1749.5,0
1750,0
1750,1
1750.5,1
1750.5,0
1751,0
1751,1
1751.5,1
1751.5,0
1752,0
1752,1
1752.5,1
1752.5,0
1753,0
1753,1
1753.5,1
1753.5,0
1754,0
1754,1
1754.5,1
1754.5,0
1755,0
1755,1
1755.5,1
1755.5,0
1756,0
1756,1
1756.5,1
1756.5,0
1757,0
1757,1
1757.5,1
1757.5,0
1758,0
1758,1
1758.5,1
1758.5,0
1759,0
1759,1
1759.5,1
1759.5,0
1760,0
1760,1
1760.5,1
1760.5,0
1761,0
1761,1
1761.5,1
1761.5,0
1762,0
1762,1
1762.5,1
1762.5,0
1763,0
1763,1
1763.5,1
1763.5,0
1764,0
1764,1
1764.5,1
1764.5,0
1765,0
1765,1
1765.5,1
1765.5,0
1766,0
1766,1
1766.5,1
1766.5,0
1767,0
1767,1
1767.5,1
1767.5,0
1768,0
1768,1
1768.5,1
1768.5,0
1769,0
1769,1
1769.5,1
1769.5,0
1770,0
1770,1
1770.5,1
1770.5,0
1771,0
1771,1
1771.5,1
1771.5,0
1772,0
1772,1
1772.5,1
1772.5,0
1773,0
1773,1
1773.5,1
1773.5,0
1774,0
1774,1
1774.5,1
1774.5,0
1775,0
1775,1
1775.5,1
1775.5,0
1776,0
1776,1
1776.5,1
1776.5,0
1777,0
1777,1
1777.5,1
1777.5,0
1778,0
1778,1
1778.5,1
1778.5,0
1779,0
1779,1
1779.5,1
1779.5,0
1780,0
1780,1
1780.5,1
1780.5,0
1781,0
1781,1
1781.5,1
1781.5,0
1782,0
1782,1
1782.5,1
1782.5,0
1783,0
1783,1
1783.5,1
1783.5,0
1784,0
1784,1
1784.5,1
1784.5,0
1785,0
1785,1
1785.5,1
1785.5,0
1786,0
1786,1
1786.5,1
1786.5,0
1787,0
1787,1
1787.5,1
1787.5,0
1788,0
1788,1
1788.5,1
1788.5,0
1789,0
1789,1
1789.5,1
1789.5,0
1790,0
1790,1
1790.5,1
1790.5,0
1791,0
1791,1
1791.5,1
1791.5,0
1792,0
1792,1
1792.5,1
1792.5,0
1793,0
1793,1
1793.5,1
1793.5,0
1794,0
1794,1
1794.5,1
1794.5,0
1795,0
1795,1
1795.5,1
1795.5,0
1796,0
1796,1
1796.5,1
1796.5,0
1797,0
1797,1
1797.5,1
1797.5,0
1798,0
1798,1
1798.5,1
1798.5,0
1799,0
1799,1
1799.5,1
1799.5,0
1800,0
1800,1
1800.5,1
1800.5,0
1801,0
1801,1
1801.5,1
1801.5,0
1802,0
1802,1
1802.5,1
1802.5,0
1803,0
1803,1
1803.5,1
1803.5,0
1804,0
1804,1
1804.5,1
1804.5,0
1805,0
1805,1
1805.5,1
1805.5,0
1806,0
1806,1
1806.5,1
1806.5,0
1807,0
1807,1
1807.5,1
1807.5,0
1808,0
1808,1
1808.5,1
1808.5,0
1809,0
1809,1
1809.5,1
1809.5,0
1810,0
1810,1
1810.5,1
1810.5,0
1811,0
1811,1
1811.5,1
1811.5,0
1812,0
1812,1
1812.5,1
1812.5,0
1813,0
1813,1
1813.5,1
1813.5,0
1814,0
1814,1
1814.5,1
1814.5,0
1815,0
1815,1
1815.5,1
1815.5,0
1816,0
1816,1
1816.5,1
1816.5,0
1817,0
1817,1
1817.5,1
1817.5,0
1818,0
1818,1
1818.5,1
1818.5,0
1819,0
1819,1
1819.5,1
1819.5,0
1820,0
1820,1
1820.5,1
1820.5,0
1821,0
1821,1
1821.5,1
1821.5,0
1822,0
1822,1
1822.5,1
1822.5,0
1823,0
1823,1
1823.5,1
1823.5,0
1824,0
1824,1
1824.5,1
1824.5,0
1825,0
1825,1
1825.5,1
1825.5,0
1826,0
1826,1
1826.5,1
1826.5,0
1827,0
1827,1
1827.5,1
1827.5,0
1828,0
1828,1
1828.5,1
1828.5,0
1829,0
1829,1
1829.5,1
1829.5,0
1830,0
1830,1
1830.5,1
1830.5,0
1831,0
1831,1
1831.5,1
1831.5,0
1832,0
1832,1
1832.5,1
1832.5,0
1833,0
1833,1
1833.5,1
1833.5,0
1834,0
1834,1
1834.5,1
1834.5,0
1835,0
1835,1
1835.5,1
1835.5,0
1836,0
1836,1
1836.5,1
1836.5,0
1837,0
1837,1
1837.5,1
1837.5,0
1838,0
1838,1
1838.5,1
1838.5,0
1839,0
1839,1
1839.5,1
1839.5,0
1840,0
1840,1
1840.5,1
1840.5,0
1841,0
1841,1
1841.5,1
1841.5,0
1842,0
1842,1
1842.5,1
1842.5,0
1843,0
1843,1
1843.5,1
1843.5,0
1844,0
1844,1
1844.5,1
1844.5,0
1845,0
1845,1
1845.5,1
1845.5,0
1846,0
1846,1
1846.5,1
1846.5,0
1847,0
1847,1
1847.5,1
1847.5,0
1848,0
1848,1
1848.5,1
1848.5,0
1849,0
1849,1
1849.5,1
1849.5,0
1850,0
1850,1
1850.5,1
1850.5,0
1851,0
1851,1
1851.5,1
1851.5,0
1852,0
1852,1
1852.5,1
1852.5,0
1853,0
1853,1
1853.5,1
1853.5,0
1854,0
1854,1
1854.5,1
1854.5,0
1855,0
1855,1
1855.5,1
1855.5,0
1856,0
1856,1
1856.5,1
1856.5,0
1857,0
1857,1
1857.5,1
1857.5,0
1858,0
1858,1
1858.5,1
1858.5,0
1859,0
1859,1
1859.5,1
1859.5,0
1860,0
1860,1
1860.5,1
1860.5,0
1861,0
1861,1
1861.5,1
1861.5,0
1862,0
1862,1
1862.5,1
1862.5,0
1863,0
1863,1
1863.5,1
1863.5,0
1864,0
1864,1
1864.5,1
1864.5,0
1865,0
1865,1
1865.5,1
1865.5,0
1866,0
1866,1
1866.5,1
1866.5,0
1867,0
1867,1
1867.5,1
1867.5,0
1868,0
1868,1
1868.5,1
1868.5,0
1869,0
1869,1
1869.5,1
1869.5,0
1870,0
1870,1
1870.5,1
1870.5,0
1871,0
1871,1
1871.5,1
1871.5,0
1872,0
1872,1
1872.5,1
1872.5,0
1873,0
1873,1
1873.5,1
1873.5,0
1874,0
1874,1
1874.5,1
1874.5,0
1875,0
1875,1
1875.5,1
1875.5,0
1876,0
1876,1
1876.5,1
1876.5,0
1877,0
1877,1
1877.5,1
1877.5,0
1878,0
1878,1
1878.5,1
1878.5,0
1879,0
1879,1
1879.5,1
1879.5,0
1880,0
1880,1
1880.5,1
1880.5,0
1881,0
1881,1
1881.5,1
1881.5,0
1882,0
1882,1
1882.5,1
1882.5,0
1883,0
1883,1
1883.5,1
1883.5,0
1884,0
1884,1
1884.5,1
1884.5,0
1885,0
1885,1
1885.5,1
1885.5,0
1886,0
1886,1
1886.5,1
1886.5,0
1887,0
1887,1
1887.5,1
1887.5,0
1888,0
1888,1
1888.5,1
1888.5,0
1889,0
1889,1
1889.5,1
1889.5,0
1890,0
1890,1
1890.5,1
1890.5,0
1891,0
1891,1
1891.5,1
1891.5,0
1892,0
1892,1
1892.5,1
1892.5,0
1893,0
1893,1
1893.5,1
1893.5,0
1894,0
1894,1
1894.5,1
1894.5,0
1895,0
1895,1
1895.5,1
1895.5,0
1896,0
1896,1
1896.5,1
1896.5,0
1897,0
1897,1
1897.5,1
1897.5,0
1898,0
1898,1
1898.5,1
1898.5,0
1899,0
1899,1
1899.5,1
1899.5,0
1900,0
1900,1
1900.5,1
1900.5,0
1901,0
1901,1
1901.5,1
1901.5,0
1902,0
1902,1
1902.5,1
1902.5,0
1903,0
1903,1
1903.5,1
1903.5,0
1904,0
1904,1
1904.5,1
1904.5,0
1905,0
1905,1
1905.5,1
1905.5,0
1906,0
1906,1
1906.5,1
1906.5,0
1907,0
1907,1
1907.5,1
1907.5,0
1908,0
1908,1
1908.5,1
1908.5,0
1909,0
1909,1
1909.5,1
1909.5,0
1910,0
1910,1
1910.5,1
1910.5,0
1911,0
1911,1
1911.5,1
1911.5,0
1912,0
1912,1
1912.5,1
1912.5,0
1913,0
1913,1
1913.5,1
1913.5,0
1914,0
1914,1
1914.5,1
1914.5,0
1915,0
1915,1
1915.5,1
1915.5,0
1916,0
1916,1
1916.5,1
1916.5,0
1917,0
1917,1
1917.5,1
1917.5,0
1918,0
1918,1
1918.5,1
1918.5,0
1919,0
1919,1
1919.5,1
1919.5,0
1920,0
1920,1
1920.5,1
1920.5,0
1921,0
1921,1
1921.5,1
1921.5,0
1922,0
1922,1
1922.5,1
1922.5,0
1923,0
1923,1
1923.5,1
1923.5,0
1924,0
1924,1
1924.5,1
1924.5,0
1925,0
1925,1
1925.5,1
1925.5,0
1926,0
1926,1
1926.5,1
1926.5,0
1927,0
1927,1
1927.5,1
1927.5,0
1928,0
1928,1
1928.5,1
1928.5,0
1929,0
1929,1
1929.5,1
1929.5,0
1930,0
1930,1
1930.5,1
1930.5,0
1931,0
1931,1
1931.5,1
1931.5,0
1932,0
1932,1
1932.5,1
1932.5,0
1933,0
1933,1
1933.5,1
1933.5,0
1934,0
1934,1
1934.5,1
1934.5,0
1935,0
1935,1
1935.5,1
1935.5,0
1936,0
1936,1
1936.5,1
1936.5,0
1937,0
1937,1
1937.5,1
1937.5,0
1938,0
1938,1
1938.5,1
1938.5,0
1939,0
1939,1
1939.5,1
1939.5,0
1940,0
1940,1
1940.5,1
1940.5,0
1941,0
1941,1
1941.5,1
1941.5,0
1942,0
1942,1
1942.5,1
1942.5,0
